-- phpMyAdmin SQL Dump
-- version 5.2.1
-- https://www.phpmyadmin.net/
--
-- Host: 127.0.0.1
-- Generation Time: Jun 25, 2024 at 04:42 AM
-- Server version: 10.4.32-MariaDB
-- PHP Version: 8.2.12

SET SQL_MODE = "NO_AUTO_VALUE_ON_ZERO";
START TRANSACTION;
SET time_zone = "+00:00";


/*!40101 SET @OLD_CHARACTER_SET_CLIENT=@@CHARACTER_SET_CLIENT */;
/*!40101 SET @OLD_CHARACTER_SET_RESULTS=@@CHARACTER_SET_RESULTS */;
/*!40101 SET @OLD_COLLATION_CONNECTION=@@COLLATION_CONNECTION */;
/*!40101 SET NAMES utf8mb4 */;

--
-- Database: `evaluation`
--
CREATE DATABASE IF NOT EXISTS `evaluation` DEFAULT CHARACTER SET utf8mb4 COLLATE utf8mb4_general_ci;
USE `evaluation`;

-- --------------------------------------------------------

--
-- Table structure for table `courses`
--

CREATE TABLE `courses` (
  `course_id` int(11) NOT NULL,
  `course_name` varchar(100) NOT NULL,
  `teacher_id` int(11) DEFAULT NULL,
  `start_date` date DEFAULT NULL,
  `end_date` date DEFAULT NULL,
  `description` text DEFAULT NULL
) ENGINE=InnoDB DEFAULT CHARSET=utf8 COLLATE=utf8_general_ci;

--
-- Dumping data for table `courses`
--

INSERT INTO `courses` (`course_id`, `course_name`, `teacher_id`, `start_date`, `end_date`, `description`) VALUES
(1, 'Web Engineering (1)', 1, '2024-03-11', '2024-04-22', 'Matter cup ball will century until. Show all wait learn. School high policy address question billion area. Support find likely mention still rather long.\nDiscussion dark bed stand per rate. International service marriage.\nSure industry model one. Become collection ground everybody performance. Let various in word herself ready actually.\nSpend heavy fight card. Cold change wish avoid evening thus. Safe seek be.\nMeasure focus imagine white. Choose least he among true she.'),
(2, 'Multimedia', 1, '2024-01-31', '2024-04-01', 'Teach lay national point sure field level. Follow difference newspaper admit mean budget. Them leader crime short.\nWonder for memory agency trip serious. Picture political law recently. Challenge age raise necessary tree view quickly.\nToward there party night choose already yes. End hour address relationship.\nLocal available three baby. For respond near prepare indeed recognize public.\nFederal how ago court to. Peace deep six fire. Meeting buy else occur our.\nWant better range success.'),
(3, 'Business-focused human-resource moratorium', 2, '2024-02-26', '2024-05-04', 'Grow professor mission Congress computer lay long plan. Past my ask adult. Rise gas spring decision occur become this.\nAir decade plant yet American. More she create six write improve wife.\nResource dog several. Admit media save team but air brother animal. Economic old quite feel send significant.\nWater both loss relationship all operation born. Teach music pick member expert provide social. With get seven support tough.\nWhy to series. Eat behavior physical total.'),
(4, 'Vision-oriented even-keeled architecture', 3, '2024-03-06', '2024-05-22', 'Benefit meet system work car century. Option action dark buy.\nStory much subject morning big no into process.\nMatter class his already. Edge inside fast decision should. Realize step true information.\nDream thank else animal political although nation. Cold direction exist eight will room have.\nArea information concern hear every sort. Nor receive western.\nMr notice write democratic quite. Assume who help model bag certain note. Age program act improve director rock.'),
(5, 'Streamlined logistical extranet', 4, '2024-02-25', '2024-04-18', 'Speak ball institution environment statement score exist amount. Project paper us parent set. Think someone nature book.\nEvening parent author clearly age degree. Win whole kid table everybody itself center. Here put information study.\nPerson approach notice different safe race. Occur purpose accept skill create thus organization. Be area better decade garden. Section sister power difference specific.\nWait staff especially. Late movement front. Federal front evidence lose.'),
(6, 'Synchronized 6thgeneration interface', 4, '2024-03-11', '2024-04-25', 'May shake modern compare painting law. Least garden like party interesting name treatment return. Lot mission but large every Mr. Lead weight public hold animal represent car American.\nBank as few water partner happen level. Accept chair very speak.\nCreate red travel beat anyone hour bar heavy. Billion president bad. Learn I even.\nSend behavior PM book media choose tonight. Guess modern industry decade people.'),
(7, 'Future-proofed foreground structure', 4, '2024-02-02', '2024-03-20', 'Either maybe herself doctor prepare develop want. Minute traditional discussion. Likely six long deal.\nLeg Mrs raise key imagine perform. Expect material mean have lead theory feel really. Increase resource front least.\nBody eye information avoid seem stop. Bed class interview listen first local exist.\nBody card size example crime direction seat. Ask husband product stop town. Other indeed guess national ground.\nRisk president eight serious thousand spend cold. Court that if certainly age.'),
(8, 'Graphic', 1, '2024-02-21', '2024-05-21', 'Special decade various likely reach of. Important smile unit.\nClaim business too person. Kid suddenly either.\nElse fish rest by once where. Price suffer model manage individual factor.\nLay serve give professor listen fly lay. Win somebody although white model reason American.\nFor answer lawyer degree international present instead trial. Hear house best mother bag mind over. Oil baby scene opportunity. Even later low six.\nWalk relationship throw possible road people.'),
(9, 'Programming (1)', 1, '2024-01-31', '2024-03-13', 'Buy themselves next around society country three. Network customer thank win live product in.\nBuilding head save thousand without.\nUpon life world guy close. Speech spring avoid there he left measure.\nFood officer pull choose economic firm hot. Responsibility sort similar each each. Anything wide police agreement particularly series personal. Start safe bag meet air positive part.'),
(10, 'Ameliorated 24hour solution', 6, '2024-02-13', '2024-03-23', 'Bill three adult though onto start.\nTravel maybe eye candidate born summer.\nDeal fall increase consider blue state. Report member something moment. Arrive environment station key father.\nMean market special could rock wind tonight. Increase threat life amount help shake carry. Weight bad support own indeed relationship. Develop themselves seem bring.\nScore population then set head picture. Behind ask happy parent both include foreign there.'),
(11, 'Automated', 1, '2024-04-19', '2024-06-02', 'Store wife TV especially though for. Read determine others professor fight. Else good particular think high represent. Write adult here keep reach the.\nScore easy might successful under. Important beyond manager east decision.\nYeah red above outside table race. Whom service none government hundred method.\nPhone water executive treatment. Establish nor marriage head few.\nHead sign generation social. Mention direction product by leave within.'),
(12, 'English', 1, '2024-02-02', '2024-03-26', 'Apply stop card sort. Customer according today candidate police one. Beat purpose tell I itself street feeling.\nPolitics of reduce technology improve notice. Weight become reduce analysis evidence cultural sister others.\nCost score which finish though figure issue.\nEasy nation provide clearly. Affect spring worry list little.\nHerself worry remember investment develop. Hard food suddenly coach friend body.\nStep without nor activity. Behavior Mrs rock every another sister.'),
(13, 'Up-sized uniform interface', 7, '2024-01-26', '2024-03-30', 'Learn final everybody image opportunity seat. Hear even you.\nChoose focus watch stay charge. How leader appear chair. Coach language police future lose that fire experience. At sound painting source country.\nTreatment inside responsibility fund. Resource walk stay affect whom physical. Wind goal late section option reach.\nSuccess fly must the again. Animal music under either approach create leave.\nReady next choice media suddenly. Series fish power nearly forward. Hotel maintain own indeed.'),
(14, 'Assimilated global circuit', 8, '2024-01-23', '2024-03-07', 'Course stage clear nearly even admit each. Project hundred war senior mean sure this. Sell guy ahead fund.\nSpecial doctor line strategy begin wait difference. Talk his card interview spring before be.\nCertain so top truth radio. Allow country a young actually author.\nSize on federal season air raise past. Cold color green identify family. Major deep the picture tend building.\nMove government general force entire check. Apply person my partner send. Meet soldier dog mouth from.'),
(15, 'Vision-oriented asynchronous data-warehouse', 8, '2024-01-30', '2024-03-03', 'Pick so I key. Camera citizen soldier each measure. Name challenge night happen deal hotel particularly.\nBeautiful half financial effort single rate bill. Into whether poor air generation.\nDemocrat scientist student. Often price above window daughter bed both. Decide sound matter number.\nBeyond hundred that top. Wide culture political too pick. Option Republican someone act find eat.\nBut theory area see individual. For in food our same former onto brother.'),
(16, 'Optional radical support', 8, '2024-04-08', '2024-06-02', 'Ball require fact energy nation teacher with. Along remember whether media away. Seat some that season company not paper.\nMyself control wife garden. Four difficult amount medical analysis begin. Natural she hot letter.\nWish return white listen begin investment. Far north score name federal old.\nDegree during could same their boy everybody others. Never scientist range great southern.\nInterest thing position risk campaign will director. Material often idea and computer.'),
(17, 'Secured secondary hub', 9, '2024-05-08', '2024-08-01', 'Group without man security sport yard a worry. Stage floor mind prevent.\nFine rate rise effort maybe center. Public goal increase friend almost hit.\nHelp military structure put need phone. Top by return several. Whether hope those collection we claim.\nAt majority performance lead artist. Culture radio environmental far.\nChallenge direction write wrong energy positive every. Particular onto five.'),
(18, 'Profit-focused secondary middleware', 9, '2024-03-13', '2024-05-31', 'While situation want exist. Resource kind former upon.\nCut yourself traditional cultural analysis. Describe television need national involve bar.\nCharacter nice free visit claim. Bed safe last two religious if family. Material question throughout probably consumer else institution.\nView economic someone level per want nation. Guess boy include add it kid. Sea painting avoid.\nEspecially main reach give chance black. Plan happy region just attention be throughout media.'),
(19, 'Cloned even-keeled extranet', 9, '2024-05-10', '2024-06-13', 'Democratic rate value director. Group adult new happen even.\nAdministration course student answer art understand field. Score not hear high. Ground chance building sit seek impact.\nApply hear it. Huge maintain audience under.\nEconomic establish old factor read know five. Loss necessary standard from these member.\nMagazine southern travel send none.\nRest goal sea along. Light result successful defense speech air statement.'),
(20, 'Focused context-sensitive encoding', 10, '2024-02-06', '2024-04-06', 'Growth available action military need term. Defense paper give figure how kid red.\nOffer fill commercial at relate pressure family. Capital group beat moment memory author son. Dream strategy without relate parent need.\nFar feel billion full manage. Third image baby major city camera business. Computer chance certainly.\nSpecific another hold enough certainly quite. Manager us president table several western while.'),
(21, 'Customer-focused impactful service-desk', 11, '2024-03-06', '2024-05-16', 'Drug would yard management.\nDown blue everybody spend entire own.\nThrough natural none mind debate so.\nPast federal serious others movement bar. Provide fund time term security provide.\nStage small month indeed lead night.\nLevel time key size write turn feel.\nBy blue give campaign war base. Almost commercial half popular than cell. Since few avoid quickly difference property.\nHere as network success chair American base. Small none issue last step degree.'),
(22, 'De-engineered executive productivity', 11, '2024-05-06', '2024-07-03', 'And stage shoulder one who try beat. Onto never war without teach various. Trouble military though first pressure fight.\nThese instead of team tree market pretty. Carry send recognize spring quality decision bit.\nTo commercial despite entire officer fire. Carry medical between meeting director picture use. Expect partner chance exist.\nIncluding building tonight guy life other put. Specific artist which member process price.\nIndividual recently billion customer somebody defense present.'),
(23, 'Re-engineered didactic Graphic Interface', 12, '2024-03-10', '2024-05-07', 'Itself member environmental onto stuff military person eight. Low industry machine heart. Doctor a join determine end reveal.\nChurch coach present. Whole oil weight clearly explain decade.\nAmong society rest born of summer during. Around read rise step information hair sort prepare.\nOf write public. Trip available when garden maintain tell son card.\nThink open season determine. Total throw line knowledge film major resource.'),
(24, 'Synergistic high-level orchestration', 12, '2024-01-23', '2024-03-04', 'Story behavior manager loss. Fight notice wide although usually daughter modern.\nPlayer but maybe rather pattern but have. Report either who no more. Option suffer environment or.\nMember nature season effect. Through perhaps official. Police man improve off.\nPopulation about home bad financial begin.\nDetermine indeed region friend economy current technology necessary. Sure north meet mention final develop until. Develop eight need any.'),
(25, 'Organic static collaboration', 13, '2024-04-02', '2024-06-15', 'House simple follow. Member always relate write.\nSuccess local away test result. Each sea base military site available message.\nWear I learn get only expert. Relationship tonight pull scene rise ok. Green behavior sort option.\nEnvironmental whose throughout contain heavy bed occur. Response else part hospital pass degree under. Unit pressure product capital.\nAnswer group film tend see stay money. Herself those top wrong late event.'),
(26, 'Down-sized leadingedge focus group', 13, '2024-04-15', '2024-07-01', 'Add specific memory population agreement. Exist return think raise number general almost.\nFormer bad record church need address such. Remain customer small culture pass analysis.\nStage relate happy staff hit. Eight good scientist herself rate music community form.\nLight between machine people himself two. Fill lawyer reduce two small process. Another federal which source large situation sound.\nMean million let test. Station guess matter hour another. Green large street future.'),
(27, 'Multi-lateral zero administration function', 13, '2024-04-11', '2024-05-25', 'Could myself yet nature. Material thought board dream man. Kitchen believe race white political give.\nAt child professor building red yeah. By few magazine early set friend.\nJoin production seek who system. Leave mission point hear character.\nPhysical quite air discover themselves order. Both perhaps woman gas. Rule raise exactly because.\nAvoid matter movement by person. Task special team option strong must avoid have. Suffer wrong no her right forget.'),
(28, 'Monitored reciprocal methodology', 14, '2024-01-22', '2024-03-22', 'Whether religious interview. Station purpose table series area.\nAway sure catch face leave project. Season son actually mind.\nName approach hotel set teach. Name detail technology throughout fire yard letter around.\nInclude blue arm development fact wall. Road operation moment including organization.\nDiscuss morning suggest focus sell seven measure girl. Attack leader lawyer similar create rate.\nLaw great you seek perhaps positive. Lead heart even must value western her.'),
(29, 'Self-enabling client-driven Internet solution', 14, '2024-03-15', '2024-04-21', 'View cold interview. Contain maybe know cause movement not Democrat.\nWith program school court. Race teacher pattern stand central.\nClear send movie rather war study per. Though visit glass possible blue.\nPlan summer participant health treat cost. Government out car thank. Floor summer wait past toward. Already stage poor.\nDog decade trip million. Picture first subject training.\nChild wide rule appear create worry. Tv many rich serious.');

-- --------------------------------------------------------

--
-- Table structure for table `questions`
--

CREATE TABLE `questions` (
  `question_id` int(11) NOT NULL,
  `question_text` text NOT NULL,
  `question_type` enum('TF','MCQ') NOT NULL,
  `options` varchar(255) DEFAULT NULL,
  `model_answer` varchar(255) DEFAULT NULL,
  `course_id` int(11) DEFAULT NULL,
  `difficulty` enum('Easy','Medium','Hard') DEFAULT NULL,
  `topic_id` int(11) NOT NULL
) ENGINE=InnoDB DEFAULT CHARSET=utf8 COLLATE=utf8_general_ci;

--
-- Dumping data for table `questions`
--

INSERT INTO `questions` (`question_id`, `question_text`, `question_type`, `options`, `model_answer`, `course_id`, `difficulty`, `topic_id`) VALUES
(6, 'Free four same enough hot.', 'TF', '{True,False}', 'True', 1, 'Hard', 2),
(7, 'Herself early should.', 'MCQ', '{A: Choose (A) ,B: Choose (B),C: Choose (C),D: Choose (D)}', 'B', 1, 'Medium', 1),
(8, 'Begin sometimes main organization wall.', 'MCQ', '{A: Choose (A) ,B: Choose (B),C: Choose (C),D: Choose (D)}', 'A', 1, 'Easy', 2),
(9, 'Upon everybody brother practice.', 'TF', '{True,False}', 'False', 1, 'Hard', 1),
(10, 'Medical quickly suggest modern mother as respond design.', 'TF', '{True,False}', 'True', 1, 'Easy', 2),
(11, 'Receive like group number.', 'TF', '{True,False}', 'False', 1, 'Medium', 1),
(12, 'Job world imagine minute add allow stuff.', 'MCQ', '{A: Choose (A) ,B: Choose (B),C: Choose (C),D: Choose (D)}', 'A', 1, 'Medium', 2),
(13, 'Large recent certain.', 'TF', '{True,False}', 'False', 1, 'Easy', 1),
(14, 'Throw little sometimes similar.', 'TF', '{True,False}', 'True', 1, 'Hard', 2),
(15, 'Agree although discover list friend range necessary.', 'MCQ', '{A: Choose (A) ,B: Choose (B),C: Choose (C),D: Choose (D)}', 'B', 1, 'Hard', 1),
(16, 'Air environmental place call last between teach.', 'MCQ', '{A: Choose (A) ,B: Choose (B),C: Choose (C),D: Choose (D)}', 'A', 1, 'Easy', 2),
(17, 'Heart leave concern business operation.', 'MCQ', '{A: Choose (A) ,B: Choose (B),C: Choose (C),D: Choose (D)}', 'B', 1, 'Hard', 1),
(18, 'Sit even cover final.', 'TF', '{True,False}', 'True', 1, 'Hard', 2),
(19, 'She trip defense state street.', 'TF', '{True,False}', 'False', 1, 'Hard', 1),
(20, 'Election good visit near.', 'TF', '{True,False}', 'True', 1, 'Medium', 2),
(21, 'What Republican part sense style or yard each.', 'TF', '{True,False}', 'False', 1, 'Easy', 1),
(22, 'Away certainly require sing.', 'TF', '{True,False}', 'True', 1, 'Easy', 2),
(23, 'Majority book already information somebody.', 'MCQ', '{A: Choose (A) ,B: Choose (B),C: Choose (C),D: Choose (D)}', 'B', 1, 'Hard', 1),
(24, 'Represent provide minute audience picture.', 'TF', '{True,False}', 'True', 2, 'Easy', 2),
(25, 'Face mean heavy right reduce arm husband writer.', 'TF', '{True,False}', 'False', 2, 'Hard', 1),
(26, 'Agree offer everyone office find hundred age.', 'MCQ', '{A: Choose (A) ,B: Choose (B),C: Choose (C),D: Choose (D)}', 'A', 2, 'Medium', 2),
(27, 'Them idea place ok.', 'MCQ', '{A: Choose (A) ,B: Choose (B),C: Choose (C),D: Choose (D)}', 'B', 2, 'Hard', 1),
(28, 'Born for open among.', 'MCQ', '{A: Choose (A) ,B: Choose (B),C: Choose (C),D: Choose (D)}', 'A', 2, 'Medium', 2),
(29, 'Fine audience south.', 'MCQ', '{A: Choose (A) ,B: Choose (B),C: Choose (C),D: Choose (D)}', 'B', 2, 'Easy', 1),
(30, 'One friend case.', 'TF', '{True,False}', 'True', 2, 'Hard', 2),
(31, 'I race season prevent.', 'MCQ', '{A: Choose (A) ,B: Choose (B),C: Choose (C),D: Choose (D)}', 'B', 2, 'Easy', 1),
(32, 'Show according lead beautiful.', 'TF', '{True,False}', 'True', 2, 'Hard', 2),
(33, 'So easy rate station animal employee candidate.', 'TF', '{True,False}', 'False', 2, 'Medium', 1),
(34, 'Past service call close.', 'TF', '{True,False}', 'True', 2, 'Medium', 2),
(35, 'Write again memory face discuss old.', 'TF', '{True,False}', 'False', 2, 'Hard', 1),
(36, 'One idea give ahead later.', 'TF', '{True,False}', 'True', 2, 'Medium', 2),
(37, 'East environmental wall short.', 'MCQ', '{A: Choose (A) ,B: Choose (B),C: Choose (C),D: Choose (D)}', 'B', 2, 'Easy', 1),
(38, 'Range evening cause live of discuss available.', 'MCQ', '{A: Choose (A) ,B: Choose (B),C: Choose (C),D: Choose (D)}', 'A', 2, 'Medium', 2),
(39, 'Apply money try agency despite.', 'MCQ', '{A: Choose (A) ,B: Choose (B),C: Choose (C),D: Choose (D)}', 'B', 2, 'Medium', 1),
(40, 'Population feel you growth world environment above.', 'TF', '{True,False}', 'True', 3, 'Medium', 2),
(41, 'Pass mention already scientist control.', 'TF', '{True,False}', 'False', 3, 'Hard', 1),
(42, 'Finally catch positive fly involve himself range.', 'TF', '{True,False}', 'True', 3, 'Hard', 2),
(43, 'Simple debate miss low while until million next.', 'MCQ', '{A: Choose (A) ,B: Choose (B),C: Choose (C),D: Choose (D)}', 'B', 3, 'Hard', 1),
(44, 'Old place machine receive class perhaps since teach.', 'MCQ', '{A: Choose (A) ,B: Choose (B),C: Choose (C),D: Choose (D)}', 'A', 3, 'Medium', 2),
(45, 'Against tend new almost.', 'TF', '{True,False}', 'False', 3, 'Easy', 1),
(46, 'Even his while teach word maybe.', 'MCQ', '{A: Choose (A) ,B: Choose (B),C: Choose (C),D: Choose (D)}', 'A', 3, 'Hard', 2),
(47, 'Politics southern analysis week street house carry individual.', 'TF', '{True,False}', 'False', 3, 'Medium', 1),
(48, 'Bank color much soon.', 'MCQ', '{A: Choose (A) ,B: Choose (B),C: Choose (C),D: Choose (D)}', 'A', 3, 'Hard', 2),
(49, 'Economic stop itself key leave.', 'TF', '{True,False}', 'False', 3, 'Easy', 1),
(50, 'Continue and far skill measure.', 'MCQ', '{A: Choose (A) ,B: Choose (B),C: Choose (C),D: Choose (D)}', 'A', 3, 'Easy', 2),
(51, 'Easy realize agent blood current across card them.', 'TF', '{True,False}', 'False', 3, 'Easy', 1),
(52, 'Mind show require fine month actually.', 'TF', '{True,False}', 'True', 3, 'Easy', 2),
(53, 'Against article three herself course southern recognize.', 'MCQ', '{A: Choose (A) ,B: Choose (B),C: Choose (C),D: Choose (D)}', 'B', 3, 'Hard', 1),
(54, 'Maintain attorney song bed who back discover memory.', 'MCQ', '{A: Choose (A) ,B: Choose (B),C: Choose (C),D: Choose (D)}', 'A', 3, 'Hard', 2),
(55, 'Project market pattern cause fund world current.', 'MCQ', '{A: Choose (A) ,B: Choose (B),C: Choose (C),D: Choose (D)}', 'B', 3, 'Medium', 1),
(56, 'Raise her watch water decide natural forward.', 'MCQ', '{A: Choose (A) ,B: Choose (B),C: Choose (C),D: Choose (D)}', 'A', 3, 'Hard', 2),
(57, 'Yourself in five vote.', 'TF', '{True,False}', 'False', 3, 'Hard', 1),
(58, 'Democrat leg at management particular cut discussion morning.', 'TF', '{True,False}', 'True', 3, 'Medium', 2),
(59, 'Station expect star foot.', 'TF', '{True,False}', 'False', 4, 'Hard', 1),
(60, 'Mrs official represent agent state.', 'MCQ', '{A: Choose (A) ,B: Choose (B),C: Choose (C),D: Choose (D)}', 'A', 4, 'Easy', 2),
(61, 'Either pick development open treat.', 'MCQ', '{A: Choose (A) ,B: Choose (B),C: Choose (C),D: Choose (D)}', 'B', 4, 'Hard', 1),
(62, 'Civil ask share civil recently your.', 'MCQ', '{A: Choose (A) ,B: Choose (B),C: Choose (C),D: Choose (D)}', 'A', 4, 'Hard', 2),
(63, 'Born sign position resource west image.', 'MCQ', '{A: Choose (A) ,B: Choose (B),C: Choose (C),D: Choose (D)}', 'B', 4, 'Easy', 1),
(64, 'Prove she those she cup chair.', 'MCQ', '{A: Choose (A) ,B: Choose (B),C: Choose (C),D: Choose (D)}', 'A', 4, 'Easy', 2),
(65, 'Consider current reach part newspaper music industry.', 'MCQ', '{A: Choose (A) ,B: Choose (B),C: Choose (C),D: Choose (D)}', 'B', 4, 'Medium', 1),
(66, 'He history sound across push artist.', 'TF', '{True,False}', 'True', 4, 'Medium', 2),
(67, 'Help upon society man.', 'MCQ', '{A: Choose (A) ,B: Choose (B),C: Choose (C),D: Choose (D)}', 'B', 4, 'Hard', 1),
(68, 'Recently painting oil.', 'TF', '{True,False}', 'True', 4, 'Easy', 2),
(69, 'Page cultural throughout drug go.', 'TF', '{True,False}', 'False', 4, 'Easy', 1),
(70, 'Local bring person here account.', 'TF', '{True,False}', 'True', 4, 'Medium', 2),
(71, 'Strategy form language trade sit.', 'TF', '{True,False}', 'False', 4, 'Medium', 1),
(72, 'Own wife manager available.', 'MCQ', '{A: Choose (A) ,B: Choose (B),C: Choose (C),D: Choose (D)}', 'A', 4, 'Medium', 2),
(73, 'Middle agreement participant.', 'TF', '{True,False}', 'False', 4, 'Hard', 1),
(74, 'Section behind save item win.', 'MCQ', '{A: Choose (A) ,B: Choose (B),C: Choose (C),D: Choose (D)}', 'A', 4, 'Medium', 2),
(75, 'College common customer in others.', 'TF', '{True,False}', 'False', 4, 'Hard', 1),
(76, 'Trouble consider financial respond piece peace.', 'MCQ', '{A: Choose (A) ,B: Choose (B),C: Choose (C),D: Choose (D)}', 'A', 4, 'Hard', 2),
(77, 'With standard all election guess serve.', 'MCQ', '{A: Choose (A) ,B: Choose (B),C: Choose (C),D: Choose (D)}', 'B', 4, 'Medium', 1),
(78, 'Type understand pattern also.', 'TF', '{True,False}', 'True', 4, 'Easy', 2),
(79, 'Building tell letter fish write.', 'MCQ', '{A: Choose (A) ,B: Choose (B),C: Choose (C),D: Choose (D)}', 'B', 5, 'Medium', 1),
(80, 'Particular house left those.', 'MCQ', '{A: Choose (A) ,B: Choose (B),C: Choose (C),D: Choose (D)}', 'A', 5, 'Medium', 2),
(81, 'Sure skin station because officer.', 'TF', '{True,False}', 'False', 5, 'Medium', 1),
(82, 'Agent your throw so his.', 'MCQ', '{A: Choose (A) ,B: Choose (B),C: Choose (C),D: Choose (D)}', 'A', 5, 'Medium', 2),
(83, 'Sometimes no stage skin.', 'MCQ', '{A: Choose (A) ,B: Choose (B),C: Choose (C),D: Choose (D)}', 'B', 5, 'Easy', 1),
(84, 'Plant gun room in.', 'MCQ', '{A: Choose (A) ,B: Choose (B),C: Choose (C),D: Choose (D)}', 'A', 5, 'Medium', 2),
(85, 'Admit century knowledge.', 'TF', '{True,False}', 'False', 5, 'Hard', 1),
(86, 'Television garden itself sense.', 'TF', '{True,False}', 'True', 5, 'Medium', 2),
(87, 'Player explain news go image without.', 'TF', '{True,False}', 'False', 5, 'Medium', 1),
(88, 'Evidence down scientist few environment.', 'MCQ', '{A: Choose (A) ,B: Choose (B),C: Choose (C),D: Choose (D)}', 'A', 5, 'Hard', 2),
(89, 'Forward employee PM throw.', 'TF', '{True,False}', 'False', 5, 'Easy', 1),
(90, 'Discuss parent music.', 'TF', '{True,False}', 'True', 5, 'Medium', 2),
(91, 'Listen feeling hand my bad.', 'TF', '{True,False}', 'False', 5, 'Medium', 1),
(92, 'Crime key number style clear another some.', 'TF', '{True,False}', 'True', 5, 'Medium', 2),
(93, 'Tend cell effect television purpose particularly field out.', 'TF', '{True,False}', 'False', 5, 'Hard', 1),
(94, 'Billion professor account themselves each.', 'TF', '{True,False}', 'True', 5, 'Medium', 2),
(95, 'Group hand exist contain win white end bit.', 'TF', '{True,False}', 'False', 5, 'Medium', 1),
(96, 'Skin few painting example voice who either.', 'MCQ', '{A: Choose (A) ,B: Choose (B),C: Choose (C),D: Choose (D)}', 'A', 5, 'Easy', 2),
(97, 'Situation watch such appear.', 'TF', '{True,False}', 'False', 5, 'Easy', 1),
(98, 'Leader great tough plan series imagine tree sing.', 'MCQ', '{A: Choose (A) ,B: Choose (B),C: Choose (C),D: Choose (D)}', 'A', 6, 'Easy', 2),
(99, 'Contain structure take ground visit own hot.', 'TF', '{True,False}', 'False', 6, 'Medium', 1),
(100, 'Close outside everyone speak necessary.', 'MCQ', '{A: Choose (A) ,B: Choose (B),C: Choose (C),D: Choose (D)}', 'A', 6, 'Medium', 2),
(101, 'Treatment one modern whole him course.', 'MCQ', '{A: Choose (A) ,B: Choose (B),C: Choose (C),D: Choose (D)}', 'B', 6, 'Hard', 1),
(102, 'Note place contain attack play.', 'MCQ', '{A: Choose (A) ,B: Choose (B),C: Choose (C),D: Choose (D)}', 'A', 6, 'Medium', 2),
(103, 'Produce during learn whatever single section.', 'TF', '{True,False}', 'False', 6, 'Easy', 1),
(104, 'On me end interest.', 'TF', '{True,False}', 'True', 6, 'Hard', 2),
(105, 'Computer level year ability wish player.', 'TF', '{True,False}', 'False', 6, 'Medium', 1),
(106, 'Go site arm rather.', 'TF', '{True,False}', 'True', 6, 'Easy', 2),
(107, 'Table clear deal white test again magazine argue.', 'TF', '{True,False}', 'False', 6, 'Hard', 1),
(108, 'Official gun hard beat summer.', 'MCQ', '{A: Choose (A) ,B: Choose (B),C: Choose (C),D: Choose (D)}', 'A', 6, 'Easy', 2),
(109, 'Ask front production their beyond want positive strategy.', 'MCQ', '{A: Choose (A) ,B: Choose (B),C: Choose (C),D: Choose (D)}', 'B', 6, 'Easy', 1),
(110, 'Onto imagine threat gas discussion.', 'MCQ', '{A: Choose (A) ,B: Choose (B),C: Choose (C),D: Choose (D)}', 'A', 6, 'Hard', 2),
(111, 'Discover three offer skin.', 'TF', '{True,False}', 'False', 6, 'Hard', 1),
(112, 'Picture card fast evening anyone.', 'MCQ', '{A: Choose (A) ,B: Choose (B),C: Choose (C),D: Choose (D)}', 'A', 6, 'Hard', 2),
(113, 'Particular south teach nation camera control travel.', 'TF', '{True,False}', 'False', 6, 'Medium', 1),
(114, 'Image or war difference stand.', 'MCQ', '{A: Choose (A) ,B: Choose (B),C: Choose (C),D: Choose (D)}', 'A', 6, 'Medium', 2),
(115, 'Imagine cup behind article take remain.', 'MCQ', '{A: Choose (A) ,B: Choose (B),C: Choose (C),D: Choose (D)}', 'B', 6, 'Easy', 1),
(116, 'Middle leave central fast throw scientist movie.', 'MCQ', '{A: Choose (A) ,B: Choose (B),C: Choose (C),D: Choose (D)}', 'A', 7, 'Medium', 2),
(117, 'Win bed there space institution artist never.', 'TF', '{True,False}', 'False', 7, 'Easy', 1),
(118, 'Memory four amount yes.', 'MCQ', '{A: Choose (A) ,B: Choose (B),C: Choose (C),D: Choose (D)}', 'A', 7, 'Hard', 2),
(119, 'Certainly consumer worry class music.', 'MCQ', '{A: Choose (A) ,B: Choose (B),C: Choose (C),D: Choose (D)}', 'B', 7, 'Medium', 1),
(120, 'Wrong imagine mention measure upon yet.', 'MCQ', '{A: Choose (A) ,B: Choose (B),C: Choose (C),D: Choose (D)}', 'A', 7, 'Medium', 2),
(121, 'Room learn for smile behavior.', 'TF', '{True,False}', 'False', 7, 'Hard', 1),
(122, 'Painting experience car speech material how friend.', 'TF', '{True,False}', 'True', 7, 'Easy', 2),
(123, 'Bring actually new others politics share memory such.', 'TF', '{True,False}', 'False', 7, 'Medium', 1),
(124, 'Party across group model nothing.', 'TF', '{True,False}', 'True', 7, 'Hard', 2),
(125, 'Worker care better.', 'TF', '{True,False}', 'False', 7, 'Medium', 1),
(126, 'Nor less around group Republican.', 'TF', '{True,False}', 'True', 7, 'Medium', 2),
(127, 'Scientist morning character it difference.', 'MCQ', '{A: Choose (A) ,B: Choose (B),C: Choose (C),D: Choose (D)}', 'B', 7, 'Medium', 1),
(128, 'Law including enough surface.', 'MCQ', '{A: Choose (A) ,B: Choose (B),C: Choose (C),D: Choose (D)}', 'A', 7, 'Medium', 2),
(129, 'Stuff take policy play capital my shoulder.', 'TF', '{True,False}', 'False', 7, 'Easy', 1),
(130, 'Stand night although anyone.', 'MCQ', '{A: Choose (A) ,B: Choose (B),C: Choose (C),D: Choose (D)}', 'A', 7, 'Hard', 2),
(131, 'Push how check.', 'MCQ', '{A: Choose (A) ,B: Choose (B),C: Choose (C),D: Choose (D)}', 'B', 7, 'Hard', 1),
(132, 'Society entire class.', 'TF', '{True,False}', 'True', 7, 'Easy', 2),
(133, 'Customer show commercial beyond information.', 'MCQ', '{A: Choose (A) ,B: Choose (B),C: Choose (C),D: Choose (D)}', 'B', 7, 'Medium', 1),
(134, 'Tonight third enter station art.', 'MCQ', '{A: Choose (A) ,B: Choose (B),C: Choose (C),D: Choose (D)}', 'A', 7, 'Hard', 2),
(135, 'Develop history a.', 'MCQ', '{A: Choose (A) ,B: Choose (B),C: Choose (C),D: Choose (D)}', 'B', 7, 'Hard', 1),
(136, 'Go begin yard light road.', 'TF', '{True,False}', 'True', 8, 'Easy', 2),
(137, 'Agree analysis hold close.', 'TF', '{True,False}', 'False', 8, 'Hard', 1),
(138, 'Task health process guy southern area.', 'MCQ', '{A: Choose (A) ,B: Choose (B),C: Choose (C),D: Choose (D)}', 'A', 8, 'Medium', 2),
(139, 'Century civil finally cause national peace entire.', 'MCQ', '{A: Choose (A) ,B: Choose (B),C: Choose (C),D: Choose (D)}', 'B', 8, 'Easy', 1),
(140, 'A writer sister technology wide.', 'TF', '{True,False}', 'True', 8, 'Easy', 2),
(141, 'Structure side art music law ground identify number.', 'MCQ', '{A: Choose (A) ,B: Choose (B),C: Choose (C),D: Choose (D)}', 'B', 8, 'Medium', 1),
(142, 'Sit field series wind onto interview American.', 'TF', '{True,False}', 'True', 8, 'Hard', 2),
(143, 'Wish west staff challenge spend while read recent.', 'MCQ', '{A: Choose (A) ,B: Choose (B),C: Choose (C),D: Choose (D)}', 'B', 8, 'Hard', 1),
(144, 'Bill take education simple talk.', 'MCQ', '{A: Choose (A) ,B: Choose (B),C: Choose (C),D: Choose (D)}', 'A', 8, 'Easy', 2),
(145, 'Learn rock a treatment.', 'MCQ', '{A: Choose (A) ,B: Choose (B),C: Choose (C),D: Choose (D)}', 'B', 8, 'Medium', 1),
(146, 'Head half relate article factor in.', 'MCQ', '{A: Choose (A) ,B: Choose (B),C: Choose (C),D: Choose (D)}', 'A', 8, 'Medium', 2),
(147, 'Four task language risk know.', 'MCQ', '{A: Choose (A) ,B: Choose (B),C: Choose (C),D: Choose (D)}', 'B', 8, 'Easy', 1),
(148, 'Do main matter chance recent myself.', 'MCQ', '{A: Choose (A) ,B: Choose (B),C: Choose (C),D: Choose (D)}', 'A', 8, 'Easy', 2),
(149, 'Build never number need social wife wife.', 'TF', '{True,False}', 'False', 8, 'Easy', 1),
(150, 'Decision performance imagine community enough serve prevent son.', 'TF', '{True,False}', 'True', 8, 'Hard', 2),
(151, 'Half manager future provide than not current.', 'TF', '{True,False}', 'False', 8, 'Easy', 1),
(152, 'Wear section occur main sense nor.', 'TF', '{True,False}', 'True', 8, 'Medium', 2),
(153, 'First go understand buy boy.', 'MCQ', '{A: Choose (A) ,B: Choose (B),C: Choose (C),D: Choose (D)}', 'B', 8, 'Easy', 1),
(154, 'Table interesting laugh purpose foreign onto customer government.', 'MCQ', '{A: Choose (A) ,B: Choose (B),C: Choose (C),D: Choose (D)}', 'A', 8, 'Hard', 2),
(155, 'Later agreement southern bit kind.', 'MCQ', '{A: Choose (A) ,B: Choose (B),C: Choose (C),D: Choose (D)}', 'B', 8, 'Easy', 1),
(156, 'Traditional claim per professor price you.', 'MCQ', '{A: Choose (A) ,B: Choose (B),C: Choose (C),D: Choose (D)}', 'A', 9, 'Hard', 2),
(157, 'Assume resource conference officer sign.', 'TF', '{True,False}', 'False', 9, 'Medium', 1),
(158, 'At happen meet.', 'TF', '{True,False}', 'True', 9, 'Hard', 2),
(159, 'Travel draw stock break.', 'TF', '{True,False}', 'False', 9, 'Hard', 1),
(160, 'Mrs present pass recently.', 'TF', '{True,False}', 'True', 9, 'Hard', 2),
(161, 'Arrive clearly tough somebody part.', 'TF', '{True,False}', 'False', 9, 'Easy', 1),
(162, 'Cultural garden recognize far follow.', 'TF', '{True,False}', 'True', 9, 'Hard', 2),
(163, 'Live production middle story cover American.', 'MCQ', '{A: Choose (A) ,B: Choose (B),C: Choose (C),D: Choose (D)}', 'B', 9, 'Easy', 1),
(164, 'Hundred from character man visit describe.', 'TF', '{True,False}', 'True', 9, 'Hard', 2),
(165, 'Music consumer site others board.', 'MCQ', '{A: Choose (A) ,B: Choose (B),C: Choose (C),D: Choose (D)}', 'B', 9, 'Easy', 1),
(166, 'Research owner open poor realize.', 'TF', '{True,False}', 'True', 9, 'Hard', 2),
(167, 'Suffer red simple peace few weight radio.', 'TF', '{True,False}', 'False', 9, 'Medium', 1),
(168, 'Color top they head billion.', 'MCQ', '{A: Choose (A) ,B: Choose (B),C: Choose (C),D: Choose (D)}', 'A', 9, 'Medium', 2),
(169, 'Consumer too election nearly body.', 'MCQ', '{A: Choose (A) ,B: Choose (B),C: Choose (C),D: Choose (D)}', 'B', 9, 'Hard', 1),
(170, 'Create degree chance weight glass agreement loss.', 'TF', '{True,False}', 'True', 9, 'Hard', 2),
(171, 'Group reach choose news determine model day someone.', 'MCQ', '{A: Choose (A) ,B: Choose (B),C: Choose (C),D: Choose (D)}', 'B', 9, 'Hard', 1),
(172, 'Job actually street site.', 'MCQ', '{A: Choose (A) ,B: Choose (B),C: Choose (C),D: Choose (D)}', 'A', 9, 'Easy', 2),
(173, 'Plant bag record though.', 'MCQ', '{A: Choose (A) ,B: Choose (B),C: Choose (C),D: Choose (D)}', 'B', 9, 'Hard', 1),
(174, 'During sell fund toward meeting.', 'MCQ', '{A: Choose (A) ,B: Choose (B),C: Choose (C),D: Choose (D)}', 'A', 10, 'Hard', 2),
(175, 'Street fish best tend around surface yeah woman.', 'MCQ', '{A: Choose (A) ,B: Choose (B),C: Choose (C),D: Choose (D)}', 'B', 10, 'Hard', 1),
(176, 'Whether own return local.', 'TF', '{True,False}', 'True', 10, 'Hard', 2),
(177, 'Article cost he also crime total.', 'MCQ', '{A: Choose (A) ,B: Choose (B),C: Choose (C),D: Choose (D)}', 'B', 10, 'Medium', 1),
(178, 'Wonder deal hundred recent appear.', 'MCQ', '{A: Choose (A) ,B: Choose (B),C: Choose (C),D: Choose (D)}', 'A', 10, 'Hard', 2),
(179, 'Hour though sport what.', 'TF', '{True,False}', 'False', 10, 'Easy', 1),
(180, 'Leave kind poor.', 'TF', '{True,False}', 'True', 10, 'Easy', 2),
(181, 'Product condition particular.', 'MCQ', '{A: Choose (A) ,B: Choose (B),C: Choose (C),D: Choose (D)}', 'B', 10, 'Hard', 1),
(182, 'Ball arrive drug poor glass music.', 'MCQ', '{A: Choose (A) ,B: Choose (B),C: Choose (C),D: Choose (D)}', 'A', 10, 'Easy', 2),
(183, 'Cup name some social.', 'MCQ', '{A: Choose (A) ,B: Choose (B),C: Choose (C),D: Choose (D)}', 'B', 10, 'Medium', 1),
(184, 'Reveal simply option yet story prepare or.', 'TF', '{True,False}', 'True', 10, 'Hard', 2),
(185, 'Hour movie form whom chance reduce.', 'MCQ', '{A: Choose (A) ,B: Choose (B),C: Choose (C),D: Choose (D)}', 'B', 10, 'Medium', 1),
(186, 'Home far budget say service treatment special.', 'TF', '{True,False}', 'True', 10, 'Medium', 2),
(187, 'Listen budget hand important.', 'TF', '{True,False}', 'False', 10, 'Easy', 1),
(188, 'Voice my bad learn onto player.', 'MCQ', '{A: Choose (A) ,B: Choose (B),C: Choose (C),D: Choose (D)}', 'A', 10, 'Hard', 2),
(189, 'Common of bag maintain new glass receive.', 'TF', '{True,False}', 'False', 11, 'Hard', 1),
(190, 'Prepare tell be wait need.', 'TF', '{True,False}', 'True', 11, 'Easy', 2),
(191, 'Statement people father his not never seem.', 'TF', '{True,False}', 'False', 11, 'Medium', 1),
(192, 'Girl work bit wear student most teach.', 'TF', '{True,False}', 'True', 11, 'Easy', 2),
(193, 'Large whole board manage.', 'MCQ', '{A: Choose (A) ,B: Choose (B),C: Choose (C),D: Choose (D)}', 'B', 11, 'Medium', 1),
(194, 'Environment remain reflect in expect town really.', 'MCQ', '{A: Choose (A) ,B: Choose (B),C: Choose (C),D: Choose (D)}', 'A', 11, 'Medium', 2),
(195, 'Free pretty feeling pick soon company.', 'TF', '{True,False}', 'False', 11, 'Easy', 1),
(196, 'Social blood truth beat themselves property.', 'MCQ', '{A: Choose (A) ,B: Choose (B),C: Choose (C),D: Choose (D)}', 'A', 11, 'Hard', 2),
(197, 'Blood today bring PM drop state there according.', 'MCQ', '{A: Choose (A) ,B: Choose (B),C: Choose (C),D: Choose (D)}', 'B', 11, 'Medium', 1),
(198, 'Believe institution might hour.', 'MCQ', '{A: Choose (A) ,B: Choose (B),C: Choose (C),D: Choose (D)}', 'A', 11, 'Medium', 2),
(199, 'Tax mother service worry doctor near personal protect.', 'TF', '{True,False}', 'False', 11, 'Easy', 1),
(200, 'Off sense old trip onto.', 'MCQ', '{A: Choose (A) ,B: Choose (B),C: Choose (C),D: Choose (D)}', 'A', 11, 'Medium', 2),
(201, 'Recent main red serve major become process.', 'MCQ', '{A: Choose (A) ,B: Choose (B),C: Choose (C),D: Choose (D)}', 'B', 11, 'Easy', 1),
(202, 'Oil will cost positive.', 'MCQ', '{A: Choose (A) ,B: Choose (B),C: Choose (C),D: Choose (D)}', 'A', 11, 'Medium', 2),
(203, 'Resource responsibility picture rate as beautiful national.', 'MCQ', '{A: Choose (A) ,B: Choose (B),C: Choose (C),D: Choose (D)}', 'B', 11, 'Hard', 1),
(204, 'Minute them really half chance rule.', 'TF', '{True,False}', 'True', 11, 'Easy', 2),
(205, 'Young former personal entire he health.', 'TF', '{True,False}', 'False', 12, 'Easy', 1),
(206, 'Responsibility low mother along quite.', 'MCQ', '{A: Choose (A) ,B: Choose (B),C: Choose (C),D: Choose (D)}', 'A', 12, 'Hard', 2),
(207, 'Follow audience including remain move.', 'MCQ', '{A: Choose (A) ,B: Choose (B),C: Choose (C),D: Choose (D)}', 'B', 12, 'Easy', 1),
(208, 'History leave computer practice.', 'TF', '{True,False}', 'True', 12, 'Easy', 2),
(209, 'May scientist try national daughter share red.', 'MCQ', '{A: Choose (A) ,B: Choose (B),C: Choose (C),D: Choose (D)}', 'B', 12, 'Easy', 1),
(210, 'Stand standard news note participant world its.', 'TF', '{True,False}', 'True', 12, 'Easy', 2),
(211, 'Coach when say prove.', 'TF', '{True,False}', 'False', 12, 'Medium', 1),
(212, 'Marriage simply candidate still affect.', 'TF', '{True,False}', 'True', 12, 'Easy', 2),
(213, 'Short to purpose director water within director.', 'MCQ', '{A: Choose (A) ,B: Choose (B),C: Choose (C),D: Choose (D)}', 'B', 12, 'Medium', 1),
(214, 'Care value hundred claim trade however.', 'TF', '{True,False}', 'True', 12, 'Medium', 2),
(215, 'Should tell when want.', 'MCQ', '{A: Choose (A) ,B: Choose (B),C: Choose (C),D: Choose (D)}', 'B', 12, 'Medium', 1),
(216, 'Organization final wide suggest color piece.', 'MCQ', '{A: Choose (A) ,B: Choose (B),C: Choose (C),D: Choose (D)}', 'A', 12, 'Easy', 2),
(217, 'Bit pretty member wait main charge miss meet.', 'MCQ', '{A: Choose (A) ,B: Choose (B),C: Choose (C),D: Choose (D)}', 'B', 12, 'Easy', 1),
(218, 'Defense control task nothing audience.', 'TF', '{True,False}', 'True', 12, 'Medium', 2),
(219, 'Identify level hard join.', 'MCQ', '{A: Choose (A) ,B: Choose (B),C: Choose (C),D: Choose (D)}', 'B', 12, 'Hard', 1),
(220, 'Region get forget event.', 'TF', '{True,False}', 'True', 12, 'Hard', 2),
(221, 'View ago reason especially.', 'MCQ', '{A: Choose (A) ,B: Choose (B),C: Choose (C),D: Choose (D)}', 'B', 12, 'Hard', 1),
(222, 'Around the concern TV wait yard about.', 'MCQ', '{A: Choose (A) ,B: Choose (B),C: Choose (C),D: Choose (D)}', 'A', 12, 'Hard', 2),
(223, 'Model increase rich enjoy.', 'MCQ', '{A: Choose (A) ,B: Choose (B),C: Choose (C),D: Choose (D)}', 'B', 12, 'Hard', 1),
(224, 'By take street father health.', 'TF', '{True,False}', 'True', 13, 'Easy', 2),
(225, 'Fast blue per foreign result consider.', 'TF', '{True,False}', 'False', 13, 'Easy', 1),
(226, 'Young chance foot.', 'MCQ', '{A: Choose (A) ,B: Choose (B),C: Choose (C),D: Choose (D)}', 'A', 13, 'Medium', 2),
(227, 'Example low article pick guess allow our.', 'MCQ', '{A: Choose (A) ,B: Choose (B),C: Choose (C),D: Choose (D)}', 'B', 13, 'Medium', 1),
(228, 'Benefit someone American bag doctor kid election.', 'TF', '{True,False}', 'True', 13, 'Hard', 2),
(229, 'From scene foreign career.', 'TF', '{True,False}', 'False', 13, 'Easy', 1),
(230, 'Nothing only pass pass west student.', 'MCQ', '{A: Choose (A) ,B: Choose (B),C: Choose (C),D: Choose (D)}', 'A', 13, 'Easy', 2),
(231, 'Including education deep seat.', 'TF', '{True,False}', 'False', 13, 'Easy', 1),
(232, 'Letter without perhaps prove.', 'MCQ', '{A: Choose (A) ,B: Choose (B),C: Choose (C),D: Choose (D)}', 'A', 13, 'Hard', 2),
(233, 'Pressure special crime pick heart.', 'TF', '{True,False}', 'False', 13, 'Hard', 1),
(234, 'Since night soldier Congress bit avoid campaign pressure.', 'TF', '{True,False}', 'True', 13, 'Medium', 2),
(235, 'Could the it station let rich article.', 'MCQ', '{A: Choose (A) ,B: Choose (B),C: Choose (C),D: Choose (D)}', 'B', 13, 'Hard', 1),
(236, 'Important we thank.', 'MCQ', '{A: Choose (A) ,B: Choose (B),C: Choose (C),D: Choose (D)}', 'A', 13, 'Hard', 2),
(237, 'School near official debate deep administration president century.', 'TF', '{True,False}', 'False', 13, 'Medium', 1),
(238, 'Purpose western often school investment art.', 'MCQ', '{A: Choose (A) ,B: Choose (B),C: Choose (C),D: Choose (D)}', 'A', 13, 'Easy', 2),
(239, 'Just enjoy lose quality in stage.', 'TF', '{True,False}', 'False', 13, 'Easy', 1),
(240, 'Speak seek field.', 'TF', '{True,False}', 'True', 13, 'Medium', 2),
(241, 'Education account girl.', 'MCQ', '{A: Choose (A) ,B: Choose (B),C: Choose (C),D: Choose (D)}', 'B', 13, 'Medium', 1),
(242, 'Stop bag threat stay glass.', 'TF', '{True,False}', 'True', 14, 'Medium', 2),
(243, 'Opportunity field sign think performance paper.', 'TF', '{True,False}', 'False', 14, 'Medium', 1),
(244, 'Travel look require including.', 'MCQ', '{A: Choose (A) ,B: Choose (B),C: Choose (C),D: Choose (D)}', 'A', 14, 'Medium', 2),
(245, 'Chance usually create suffer production deep though network.', 'TF', '{True,False}', 'False', 14, 'Hard', 1),
(246, 'Fear paper most strategy.', 'MCQ', '{A: Choose (A) ,B: Choose (B),C: Choose (C),D: Choose (D)}', 'A', 14, 'Hard', 2),
(247, 'Reveal follow exist style never election simply.', 'MCQ', '{A: Choose (A) ,B: Choose (B),C: Choose (C),D: Choose (D)}', 'B', 14, 'Hard', 1),
(248, 'Television thought others Congress theory some issue.', 'MCQ', '{A: Choose (A) ,B: Choose (B),C: Choose (C),D: Choose (D)}', 'A', 14, 'Easy', 2),
(249, 'Tv here may deal.', 'MCQ', '{A: Choose (A) ,B: Choose (B),C: Choose (C),D: Choose (D)}', 'B', 14, 'Hard', 1),
(250, 'Experience long three last story and magazine.', 'TF', '{True,False}', 'True', 14, 'Easy', 2),
(251, 'Color recognize difficult Mr enjoy spend expect.', 'MCQ', '{A: Choose (A) ,B: Choose (B),C: Choose (C),D: Choose (D)}', 'B', 14, 'Hard', 1),
(252, 'Most agency give our left think.', 'TF', '{True,False}', 'True', 14, 'Medium', 2),
(253, 'Above movie call protect already himself relate.', 'TF', '{True,False}', 'False', 14, 'Easy', 1),
(254, 'Must production address.', 'TF', '{True,False}', 'True', 14, 'Easy', 2),
(255, 'Bring pick turn feeling political.', 'MCQ', '{A: Choose (A) ,B: Choose (B),C: Choose (C),D: Choose (D)}', 'B', 14, 'Medium', 1),
(256, 'Operation lawyer long religious occur manager soon.', 'MCQ', '{A: Choose (A) ,B: Choose (B),C: Choose (C),D: Choose (D)}', 'A', 14, 'Medium', 2),
(257, 'Not player well upon.', 'TF', '{True,False}', 'False', 14, 'Medium', 1),
(258, 'Stage according whatever mother tough lay catch.', 'TF', '{True,False}', 'True', 14, 'Medium', 2),
(259, 'Event data image significant.', 'TF', '{True,False}', 'False', 14, 'Easy', 1),
(260, 'Participant worry approach near rest now different.', 'MCQ', '{A: Choose (A) ,B: Choose (B),C: Choose (C),D: Choose (D)}', 'A', 14, 'Hard', 2),
(261, 'Language else population food political experience key.', 'TF', '{True,False}', 'False', 15, 'Hard', 1),
(262, 'Financial city line defense.', 'MCQ', '{A: Choose (A) ,B: Choose (B),C: Choose (C),D: Choose (D)}', 'A', 15, 'Medium', 2),
(263, 'Assume receive red mention.', 'TF', '{True,False}', 'False', 15, 'Hard', 1),
(264, 'Big write glass score.', 'TF', '{True,False}', 'True', 15, 'Medium', 2),
(265, 'Door prepare down position.', 'TF', '{True,False}', 'False', 15, 'Hard', 1),
(266, 'Out early teach yeah.', 'TF', '{True,False}', 'True', 15, 'Easy', 2),
(267, 'Democratic environmental picture receive performance successful.', 'TF', '{True,False}', 'False', 15, 'Hard', 1),
(268, 'Open land simply middle moment.', 'MCQ', '{A: Choose (A) ,B: Choose (B),C: Choose (C),D: Choose (D)}', 'A', 15, 'Hard', 2),
(269, 'Its together reflect partner.', 'TF', '{True,False}', 'False', 15, 'Easy', 1),
(270, 'Show matter ok still heavy guess prevent seem.', 'TF', '{True,False}', 'True', 15, 'Hard', 2),
(271, 'Hand camera remember soldier child the artist rise.', 'MCQ', '{A: Choose (A) ,B: Choose (B),C: Choose (C),D: Choose (D)}', 'B', 15, 'Medium', 1),
(272, 'Answer though dinner.', 'TF', '{True,False}', 'True', 15, 'Easy', 2),
(273, 'Run should send production forward right.', 'TF', '{True,False}', 'False', 15, 'Medium', 1),
(274, 'Despite old relate anyone cut ready if.', 'TF', '{True,False}', 'True', 15, 'Hard', 2),
(275, 'Direction collection federal onto kid.', 'MCQ', '{A: Choose (A) ,B: Choose (B),C: Choose (C),D: Choose (D)}', 'B', 15, 'Hard', 1),
(276, 'Result discuss activity establish first strong song politics.', 'MCQ', '{A: Choose (A) ,B: Choose (B),C: Choose (C),D: Choose (D)}', 'A', 15, 'Hard', 2),
(277, 'What ever ball upon cup fish entire federal.', 'TF', '{True,False}', 'False', 15, 'Hard', 1),
(278, 'Fight letter town everybody customer future.', 'TF', '{True,False}', 'True', 15, 'Hard', 2),
(279, 'View herself behind include after.', 'MCQ', '{A: Choose (A) ,B: Choose (B),C: Choose (C),D: Choose (D)}', 'B', 16, 'Hard', 1),
(280, 'Loss moment draw.', 'MCQ', '{A: Choose (A) ,B: Choose (B),C: Choose (C),D: Choose (D)}', 'A', 16, 'Hard', 2),
(281, 'Lawyer middle apply right group.', 'TF', '{True,False}', 'False', 16, 'Easy', 1),
(282, 'Sport either this property history.', 'MCQ', '{A: Choose (A) ,B: Choose (B),C: Choose (C),D: Choose (D)}', 'A', 16, 'Hard', 2),
(283, 'Ahead kitchen piece arrive especially account.', 'MCQ', '{A: Choose (A) ,B: Choose (B),C: Choose (C),D: Choose (D)}', 'B', 16, 'Hard', 1),
(284, 'Music clear water weight same.', 'MCQ', '{A: Choose (A) ,B: Choose (B),C: Choose (C),D: Choose (D)}', 'A', 16, 'Hard', 2),
(285, 'History include vote not federal.', 'MCQ', '{A: Choose (A) ,B: Choose (B),C: Choose (C),D: Choose (D)}', 'B', 16, 'Medium', 1),
(286, 'Page to very improve service plant.', 'TF', '{True,False}', 'True', 16, 'Medium', 2),
(287, 'Join produce view picture.', 'TF', '{True,False}', 'False', 16, 'Medium', 1),
(288, 'Night year wait discussion role similar network.', 'TF', '{True,False}', 'True', 16, 'Medium', 2),
(289, 'Around find become magazine card blood past security.', 'TF', '{True,False}', 'False', 16, 'Hard', 1),
(290, 'To break later opportunity.', 'TF', '{True,False}', 'True', 16, 'Hard', 2),
(291, 'Senior measure financial debate could.', 'MCQ', '{A: Choose (A) ,B: Choose (B),C: Choose (C),D: Choose (D)}', 'B', 16, 'Hard', 1),
(292, 'Open ahead network ago.', 'TF', '{True,False}', 'True', 16, 'Easy', 2),
(293, 'Increase here church any imagine.', 'TF', '{True,False}', 'False', 16, 'Hard', 1),
(294, 'Concern democratic offer crime own decide.', 'MCQ', '{A: Choose (A) ,B: Choose (B),C: Choose (C),D: Choose (D)}', 'A', 17, 'Hard', 2),
(295, 'Fast support prove.', 'TF', '{True,False}', 'False', 17, 'Easy', 1),
(296, 'Factor now American material feeling set.', 'MCQ', '{A: Choose (A) ,B: Choose (B),C: Choose (C),D: Choose (D)}', 'A', 17, 'Hard', 2),
(297, 'Even structure performance.', 'MCQ', '{A: Choose (A) ,B: Choose (B),C: Choose (C),D: Choose (D)}', 'B', 17, 'Easy', 1),
(298, 'Suddenly family alone song our.', 'MCQ', '{A: Choose (A) ,B: Choose (B),C: Choose (C),D: Choose (D)}', 'A', 17, 'Hard', 2),
(299, 'Realize present to article.', 'MCQ', '{A: Choose (A) ,B: Choose (B),C: Choose (C),D: Choose (D)}', 'B', 17, 'Medium', 1),
(300, 'International character my strategy time list.', 'MCQ', '{A: Choose (A) ,B: Choose (B),C: Choose (C),D: Choose (D)}', 'A', 17, 'Hard', 2),
(301, 'Deal many thank civil guess owner crime reach.', 'TF', '{True,False}', 'False', 17, 'Easy', 1),
(302, 'Degree ok others vote.', 'MCQ', '{A: Choose (A) ,B: Choose (B),C: Choose (C),D: Choose (D)}', 'A', 17, 'Medium', 2),
(303, 'Particular would career bar hold record new growth.', 'TF', '{True,False}', 'False', 17, 'Medium', 1),
(304, 'Even sea down future process.', 'MCQ', '{A: Choose (A) ,B: Choose (B),C: Choose (C),D: Choose (D)}', 'A', 17, 'Easy', 2),
(305, 'Born media somebody face often available represent.', 'TF', '{True,False}', 'False', 17, 'Hard', 1),
(306, 'Animal peace edge want poor risk.', 'MCQ', '{A: Choose (A) ,B: Choose (B),C: Choose (C),D: Choose (D)}', 'A', 17, 'Hard', 2),
(307, 'Institution still task.', 'TF', '{True,False}', 'False', 17, 'Hard', 1),
(308, 'Central fill couple image.', 'TF', '{True,False}', 'True', 17, 'Medium', 2),
(309, 'Prevent present prevent TV about drive member.', 'TF', '{True,False}', 'False', 18, 'Medium', 1),
(310, 'On tax population stand sister represent.', 'MCQ', '{A: Choose (A) ,B: Choose (B),C: Choose (C),D: Choose (D)}', 'A', 18, 'Medium', 2),
(311, 'Put design as.', 'TF', '{True,False}', 'False', 18, 'Medium', 1),
(312, 'Candidate cup north you poor.', 'TF', '{True,False}', 'True', 18, 'Hard', 2),
(313, 'Thought cultural brother world body.', 'MCQ', '{A: Choose (A) ,B: Choose (B),C: Choose (C),D: Choose (D)}', 'B', 18, 'Easy', 1),
(314, 'Be partner eat subject who camera.', 'MCQ', '{A: Choose (A) ,B: Choose (B),C: Choose (C),D: Choose (D)}', 'A', 18, 'Hard', 2),
(315, 'Already professional speak any our professional him.', 'MCQ', '{A: Choose (A) ,B: Choose (B),C: Choose (C),D: Choose (D)}', 'B', 18, 'Hard', 1),
(316, 'Century see music increase parent sport.', 'MCQ', '{A: Choose (A) ,B: Choose (B),C: Choose (C),D: Choose (D)}', 'A', 18, 'Hard', 2),
(317, 'Fly this would dinner suffer end majority.', 'TF', '{True,False}', 'False', 18, 'Medium', 1),
(318, 'History field represent song.', 'TF', '{True,False}', 'True', 18, 'Medium', 2),
(319, 'Represent whether reach really effect environment night.', 'TF', '{True,False}', 'False', 18, 'Medium', 1),
(320, 'Base anything country coach too something history.', 'MCQ', '{A: Choose (A) ,B: Choose (B),C: Choose (C),D: Choose (D)}', 'A', 18, 'Easy', 2),
(321, 'Rise few detail security newspaper economy nature.', 'MCQ', '{A: Choose (A) ,B: Choose (B),C: Choose (C),D: Choose (D)}', 'B', 18, 'Hard', 1),
(322, 'Check know security still be actually.', 'MCQ', '{A: Choose (A) ,B: Choose (B),C: Choose (C),D: Choose (D)}', 'A', 18, 'Medium', 2),
(323, 'Writer after information each.', 'MCQ', '{A: Choose (A) ,B: Choose (B),C: Choose (C),D: Choose (D)}', 'B', 18, 'Hard', 1),
(324, 'Result sea bank sense.', 'TF', '{True,False}', 'True', 18, 'Hard', 2),
(325, 'Maintain thing difference response.', 'TF', '{True,False}', 'False', 19, 'Easy', 1),
(326, 'Box man someone agreement.', 'TF', '{True,False}', 'True', 19, 'Hard', 2),
(327, 'Edge western itself dark news traditional.', 'TF', '{True,False}', 'False', 19, 'Hard', 1),
(328, 'Reveal second alone with.', 'MCQ', '{A: Choose (A) ,B: Choose (B),C: Choose (C),D: Choose (D)}', 'A', 19, 'Medium', 2),
(329, 'Leg everything per movie.', 'TF', '{True,False}', 'False', 19, 'Hard', 1),
(330, 'Senior trouble officer usually.', 'TF', '{True,False}', 'True', 19, 'Easy', 2),
(331, 'Vote gas season day billion environment.', 'MCQ', '{A: Choose (A) ,B: Choose (B),C: Choose (C),D: Choose (D)}', 'B', 19, 'Easy', 1),
(332, 'Participant though least close.', 'TF', '{True,False}', 'True', 19, 'Easy', 2),
(333, 'Less check single service walk share.', 'TF', '{True,False}', 'False', 19, 'Hard', 1),
(334, 'Result event enough huge election once.', 'MCQ', '{A: Choose (A) ,B: Choose (B),C: Choose (C),D: Choose (D)}', 'A', 19, 'Easy', 2),
(335, 'Whom rise what thought.', 'MCQ', '{A: Choose (A) ,B: Choose (B),C: Choose (C),D: Choose (D)}', 'B', 19, 'Medium', 1),
(336, 'Beat paper hand would step modern.', 'MCQ', '{A: Choose (A) ,B: Choose (B),C: Choose (C),D: Choose (D)}', 'A', 19, 'Easy', 2),
(337, 'Leave soon idea affect.', 'TF', '{True,False}', 'False', 19, 'Hard', 1),
(338, 'Coach entire rather population huge others.', 'MCQ', '{A: Choose (A) ,B: Choose (B),C: Choose (C),D: Choose (D)}', 'A', 19, 'Easy', 2),
(339, 'Health involve growth food stand voice poor.', 'TF', '{True,False}', 'False', 19, 'Hard', 1),
(340, 'Both us significant it brother interesting long.', 'MCQ', '{A: Choose (A) ,B: Choose (B),C: Choose (C),D: Choose (D)}', 'A', 19, 'Hard', 2),
(341, 'State that or capital.', 'MCQ', '{A: Choose (A) ,B: Choose (B),C: Choose (C),D: Choose (D)}', 'B', 19, 'Medium', 1),
(342, 'Manager in partner game mean positive when money.', 'MCQ', '{A: Choose (A) ,B: Choose (B),C: Choose (C),D: Choose (D)}', 'A', 19, 'Easy', 2),
(343, 'Though lawyer may course take positive.', 'MCQ', '{A: Choose (A) ,B: Choose (B),C: Choose (C),D: Choose (D)}', 'B', 20, 'Easy', 1),
(344, 'Agency air particularly while direction.', 'TF', '{True,False}', 'True', 20, 'Easy', 2),
(345, 'Trip save no care act be training wind.', 'MCQ', '{A: Choose (A) ,B: Choose (B),C: Choose (C),D: Choose (D)}', 'B', 20, 'Medium', 1),
(346, 'Couple impact happen get.', 'MCQ', '{A: Choose (A) ,B: Choose (B),C: Choose (C),D: Choose (D)}', 'A', 20, 'Hard', 2),
(347, 'Possible away imagine back fine.', 'TF', '{True,False}', 'False', 20, 'Easy', 1),
(348, 'Hear hot key discuss.', 'MCQ', '{A: Choose (A) ,B: Choose (B),C: Choose (C),D: Choose (D)}', 'A', 20, 'Hard', 2),
(349, 'Never lead consumer factor.', 'TF', '{True,False}', 'False', 20, 'Easy', 1),
(350, 'Already air attention deep fish.', 'TF', '{True,False}', 'True', 20, 'Hard', 2),
(351, 'Guy agency realize food old.', 'TF', '{True,False}', 'False', 20, 'Hard', 1),
(352, 'Nearly place nature rise small western think.', 'TF', '{True,False}', 'True', 20, 'Hard', 2),
(353, 'Management throw into add student data consumer baby.', 'MCQ', '{A: Choose (A) ,B: Choose (B),C: Choose (C),D: Choose (D)}', 'B', 20, 'Easy', 1),
(354, 'Draw we actually final accept.', 'TF', '{True,False}', 'True', 20, 'Medium', 2),
(355, 'Role just from life those true.', 'TF', '{True,False}', 'False', 20, 'Easy', 1),
(356, 'We realize degree personal.', 'MCQ', '{A: Choose (A) ,B: Choose (B),C: Choose (C),D: Choose (D)}', 'A', 20, 'Easy', 2),
(357, 'List sense election thank of idea fall.', 'TF', '{True,False}', 'False', 20, 'Medium', 1),
(358, 'Purpose measure against tell.', 'MCQ', '{A: Choose (A) ,B: Choose (B),C: Choose (C),D: Choose (D)}', 'A', 20, 'Easy', 2),
(359, 'Past their glass risk.', 'MCQ', '{A: Choose (A) ,B: Choose (B),C: Choose (C),D: Choose (D)}', 'B', 20, 'Hard', 1),
(360, 'Air party fact.', 'TF', '{True,False}', 'True', 21, 'Hard', 2),
(361, 'Fly attack adult professional series door.', 'TF', '{True,False}', 'False', 21, 'Medium', 1),
(362, 'Find quite fish piece whom foreign.', 'MCQ', '{A: Choose (A) ,B: Choose (B),C: Choose (C),D: Choose (D)}', 'A', 21, 'Easy', 2),
(363, 'Ever hundred road choose relate series civil.', 'TF', '{True,False}', 'False', 21, 'Medium', 1),
(364, 'Agree bag great these recognize.', 'MCQ', '{A: Choose (A) ,B: Choose (B),C: Choose (C),D: Choose (D)}', 'A', 21, 'Easy', 2),
(365, 'Black film matter think short city.', 'MCQ', '{A: Choose (A) ,B: Choose (B),C: Choose (C),D: Choose (D)}', 'B', 21, 'Easy', 1),
(366, 'East discover hair political exist hard clear news.', 'TF', '{True,False}', 'True', 21, 'Medium', 2),
(367, 'Response wear particularly bit itself.', 'TF', '{True,False}', 'False', 21, 'Easy', 1),
(368, 'Break exist ground up see matter.', 'TF', '{True,False}', 'True', 21, 'Medium', 2),
(369, 'Pretty expect each against two.', 'MCQ', '{A: Choose (A) ,B: Choose (B),C: Choose (C),D: Choose (D)}', 'B', 21, 'Hard', 1),
(370, 'Realize value see dog wrong environmental according.', 'MCQ', '{A: Choose (A) ,B: Choose (B),C: Choose (C),D: Choose (D)}', 'A', 21, 'Medium', 2),
(371, 'Between guess have especially low.', 'TF', '{True,False}', 'False', 21, 'Medium', 1),
(372, 'Commercial choice miss.', 'TF', '{True,False}', 'True', 21, 'Medium', 2),
(373, 'While early oil word.', 'TF', '{True,False}', 'False', 21, 'Hard', 1),
(374, 'Investment save population firm.', 'TF', '{True,False}', 'True', 21, 'Hard', 2),
(375, 'After former interview expect I.', 'TF', '{True,False}', 'False', 21, 'Hard', 1),
(376, 'Model security you trial agency when allow.', 'TF', '{True,False}', 'True', 21, 'Medium', 2),
(377, 'Image car interesting eat.', 'TF', '{True,False}', 'False', 21, 'Medium', 1),
(378, 'Ability voice staff effect require but.', 'TF', '{True,False}', 'True', 21, 'Hard', 2),
(379, 'Themselves entire force keep.', 'MCQ', '{A: Choose (A) ,B: Choose (B),C: Choose (C),D: Choose (D)}', 'B', 21, 'Medium', 1),
(380, 'Difficult race fear outside glass new special.', 'TF', '{True,False}', 'True', 22, 'Easy', 2),
(381, 'Explain arm receive management.', 'TF', '{True,False}', 'False', 22, 'Easy', 1),
(382, 'Fall none analysis before choice report reason.', 'MCQ', '{A: Choose (A) ,B: Choose (B),C: Choose (C),D: Choose (D)}', 'A', 22, 'Medium', 2),
(383, 'College term large land various job bed entire.', 'MCQ', '{A: Choose (A) ,B: Choose (B),C: Choose (C),D: Choose (D)}', 'B', 22, 'Easy', 1),
(384, 'Mention car learn occur today take card.', 'TF', '{True,False}', 'True', 22, 'Medium', 2),
(385, 'Easy national point establish clear.', 'MCQ', '{A: Choose (A) ,B: Choose (B),C: Choose (C),D: Choose (D)}', 'B', 22, 'Hard', 1),
(386, 'Ahead beautiful rate doctor.', 'TF', '{True,False}', 'True', 22, 'Medium', 2),
(387, 'Deep sister health democratic push.', 'MCQ', '{A: Choose (A) ,B: Choose (B),C: Choose (C),D: Choose (D)}', 'B', 22, 'Hard', 1),
(388, 'Garden kitchen possible wall dog.', 'TF', '{True,False}', 'True', 22, 'Medium', 2),
(389, 'Than party ask sea state.', 'TF', '{True,False}', 'False', 22, 'Medium', 1),
(390, 'Score tree both foot enough.', 'MCQ', '{A: Choose (A) ,B: Choose (B),C: Choose (C),D: Choose (D)}', 'A', 22, 'Easy', 2),
(391, 'Treat scientist mean son.', 'TF', '{True,False}', 'False', 22, 'Medium', 1),
(392, 'Author inside look red most glass.', 'MCQ', '{A: Choose (A) ,B: Choose (B),C: Choose (C),D: Choose (D)}', 'A', 22, 'Easy', 2),
(393, 'Color watch than various poor product.', 'TF', '{True,False}', 'False', 22, 'Hard', 1),
(394, 'Young realize family then song.', 'TF', '{True,False}', 'True', 22, 'Medium', 2),
(395, 'Local break music design.', 'MCQ', '{A: Choose (A) ,B: Choose (B),C: Choose (C),D: Choose (D)}', 'B', 22, 'Hard', 1),
(396, 'Which along especially pretty.', 'TF', '{True,False}', 'True', 22, 'Easy', 2),
(397, 'Student star play hit work.', 'MCQ', '{A: Choose (A) ,B: Choose (B),C: Choose (C),D: Choose (D)}', 'B', 22, 'Hard', 1),
(398, 'Lawyer rock structure area assume us.', 'MCQ', '{A: Choose (A) ,B: Choose (B),C: Choose (C),D: Choose (D)}', 'A', 22, 'Medium', 2),
(399, 'Town mention gun general support.', 'MCQ', '{A: Choose (A) ,B: Choose (B),C: Choose (C),D: Choose (D)}', 'B', 22, 'Hard', 1),
(400, 'Nation building room outside enter.', 'TF', '{True,False}', 'True', 23, 'Easy', 2),
(401, 'Kitchen eight board part.', 'MCQ', '{A: Choose (A) ,B: Choose (B),C: Choose (C),D: Choose (D)}', 'B', 23, 'Hard', 1),
(402, 'From five benefit style between employee main.', 'MCQ', '{A: Choose (A) ,B: Choose (B),C: Choose (C),D: Choose (D)}', 'A', 23, 'Hard', 2),
(403, 'Later laugh wrong ahead law born.', 'MCQ', '{A: Choose (A) ,B: Choose (B),C: Choose (C),D: Choose (D)}', 'B', 23, 'Hard', 1),
(404, 'Wait leader such own well its ahead.', 'TF', '{True,False}', 'True', 23, 'Hard', 2),
(405, 'It meeting to.', 'MCQ', '{A: Choose (A) ,B: Choose (B),C: Choose (C),D: Choose (D)}', 'B', 23, 'Medium', 1),
(406, 'Modern reflect tree sense.', 'TF', '{True,False}', 'True', 23, 'Easy', 2),
(407, 'College perhaps suddenly star soldier.', 'TF', '{True,False}', 'False', 23, 'Hard', 1),
(408, 'Actually office expect later.', 'TF', '{True,False}', 'True', 23, 'Medium', 2),
(409, 'Wall six wear market design.', 'TF', '{True,False}', 'False', 23, 'Medium', 1),
(410, 'Grow already find rich.', 'TF', '{True,False}', 'True', 23, 'Medium', 2),
(411, 'Fight him let loss language build raise.', 'MCQ', '{A: Choose (A) ,B: Choose (B),C: Choose (C),D: Choose (D)}', 'B', 23, 'Easy', 1),
(412, 'Glass green house how security red.', 'TF', '{True,False}', 'True', 23, 'Hard', 2),
(413, 'Activity suddenly story property each.', 'MCQ', '{A: Choose (A) ,B: Choose (B),C: Choose (C),D: Choose (D)}', 'B', 23, 'Medium', 1),
(414, 'Race line cover inside girl east.', 'MCQ', '{A: Choose (A) ,B: Choose (B),C: Choose (C),D: Choose (D)}', 'A', 23, 'Easy', 2),
(415, 'Ok standard of voice behind success.', 'MCQ', '{A: Choose (A) ,B: Choose (B),C: Choose (C),D: Choose (D)}', 'B', 23, 'Hard', 1),
(416, 'Fact seek just wrong television.', 'MCQ', '{A: Choose (A) ,B: Choose (B),C: Choose (C),D: Choose (D)}', 'A', 23, 'Easy', 2),
(417, 'Successful through on month.', 'TF', '{True,False}', 'False', 23, 'Hard', 1),
(418, 'Let call always fly order get suffer boy.', 'TF', '{True,False}', 'True', 24, 'Medium', 2),
(419, 'Put culture moment different hold.', 'TF', '{True,False}', 'False', 24, 'Hard', 1),
(420, 'Cover defense chance rest beat everyone fund participant.', 'TF', '{True,False}', 'True', 24, 'Easy', 2),
(421, 'Perhaps arm maintain charge market public.', 'MCQ', '{A: Choose (A) ,B: Choose (B),C: Choose (C),D: Choose (D)}', 'B', 24, 'Hard', 1),
(422, 'Activity thing food low join.', 'TF', '{True,False}', 'True', 24, 'Medium', 2),
(423, 'Leg join right thank behavior read administration.', 'MCQ', '{A: Choose (A) ,B: Choose (B),C: Choose (C),D: Choose (D)}', 'B', 24, 'Medium', 1),
(424, 'Decide together arm fear large current.', 'MCQ', '{A: Choose (A) ,B: Choose (B),C: Choose (C),D: Choose (D)}', 'A', 24, 'Hard', 2),
(425, 'Career especially contain crime home.', 'TF', '{True,False}', 'False', 24, 'Medium', 1),
(426, 'Worry dinner history culture cell describe Democrat.', 'TF', '{True,False}', 'True', 24, 'Medium', 2),
(427, 'Family leave any.', 'MCQ', '{A: Choose (A) ,B: Choose (B),C: Choose (C),D: Choose (D)}', 'B', 24, 'Medium', 1),
(428, 'Campaign production a save simple hospital.', 'TF', '{True,False}', 'True', 24, 'Medium', 2),
(429, 'Decade write school later.', 'MCQ', '{A: Choose (A) ,B: Choose (B),C: Choose (C),D: Choose (D)}', 'B', 24, 'Hard', 1),
(430, 'Religious computer improve.', 'MCQ', '{A: Choose (A) ,B: Choose (B),C: Choose (C),D: Choose (D)}', 'A', 24, 'Medium', 2),
(431, 'However reveal exactly.', 'MCQ', '{A: Choose (A) ,B: Choose (B),C: Choose (C),D: Choose (D)}', 'B', 24, 'Medium', 1),
(432, 'Leader bring opportunity continue sure gas person agreement.', 'MCQ', '{A: Choose (A) ,B: Choose (B),C: Choose (C),D: Choose (D)}', 'A', 24, 'Easy', 2),
(433, 'People agency decade at year administration understand.', 'MCQ', '{A: Choose (A) ,B: Choose (B),C: Choose (C),D: Choose (D)}', 'B', 25, 'Hard', 1),
(434, 'Production him forward heavy minute next technology investment.', 'MCQ', '{A: Choose (A) ,B: Choose (B),C: Choose (C),D: Choose (D)}', 'A', 25, 'Easy', 2),
(435, 'Hope tonight everything these first four loss.', 'MCQ', '{A: Choose (A) ,B: Choose (B),C: Choose (C),D: Choose (D)}', 'B', 25, 'Hard', 1),
(436, 'Medical hot parent garden ten including.', 'TF', '{True,False}', 'True', 25, 'Easy', 2),
(437, 'Get person reason over.', 'TF', '{True,False}', 'False', 25, 'Hard', 1),
(438, 'Point model you result high well improve beautiful.', 'TF', '{True,False}', 'True', 25, 'Medium', 2),
(439, 'Listen listen letter yourself customer require government.', 'MCQ', '{A: Choose (A) ,B: Choose (B),C: Choose (C),D: Choose (D)}', 'B', 25, 'Easy', 1),
(440, 'Week my away person company respond.', 'TF', '{True,False}', 'True', 25, 'Medium', 2),
(441, 'Away office never note last whose either red.', 'TF', '{True,False}', 'False', 25, 'Hard', 1),
(442, 'History religious age decade consider argue.', 'TF', '{True,False}', 'True', 25, 'Hard', 2),
(443, 'Production generation field consider yeah fine finish.', 'MCQ', '{A: Choose (A) ,B: Choose (B),C: Choose (C),D: Choose (D)}', 'B', 25, 'Easy', 1),
(444, 'Sit everyone behavior number clear whom alone.', 'MCQ', '{A: Choose (A) ,B: Choose (B),C: Choose (C),D: Choose (D)}', 'A', 25, 'Easy', 2),
(445, 'Trip address Congress off similar best enter or.', 'TF', '{True,False}', 'False', 25, 'Medium', 1),
(446, 'Article their both bag administration party.', 'TF', '{True,False}', 'True', 25, 'Medium', 2),
(447, 'Sort stand choose.', 'MCQ', '{A: Choose (A) ,B: Choose (B),C: Choose (C),D: Choose (D)}', 'B', 25, 'Hard', 1),
(448, 'Outside send return start leg.', 'MCQ', '{A: Choose (A) ,B: Choose (B),C: Choose (C),D: Choose (D)}', 'A', 26, 'Easy', 2),
(449, 'Throughout people population organization large explain pull.', 'MCQ', '{A: Choose (A) ,B: Choose (B),C: Choose (C),D: Choose (D)}', 'B', 26, 'Easy', 1),
(450, 'One history type national deep.', 'TF', '{True,False}', 'True', 26, 'Easy', 2),
(451, 'Sell when like thought forward ability.', 'TF', '{True,False}', 'False', 26, 'Hard', 1);
INSERT INTO `questions` (`question_id`, `question_text`, `question_type`, `options`, `model_answer`, `course_id`, `difficulty`, `topic_id`) VALUES
(452, 'Our another cover within interview defense.', 'TF', '{True,False}', 'True', 26, 'Easy', 2),
(453, 'Cultural research son reason son.', 'MCQ', '{A: Choose (A) ,B: Choose (B),C: Choose (C),D: Choose (D)}', 'B', 26, 'Hard', 1),
(454, 'Himself others pick.', 'TF', '{True,False}', 'True', 26, 'Hard', 2),
(455, 'Rule whole play tell itself.', 'TF', '{True,False}', 'False', 26, 'Hard', 1),
(456, 'Discuss size paper.', 'TF', '{True,False}', 'True', 26, 'Hard', 2),
(457, 'Drug yourself money time fine financial hard example.', 'MCQ', '{A: Choose (A) ,B: Choose (B),C: Choose (C),D: Choose (D)}', 'B', 26, 'Medium', 1),
(458, 'Significant however step.', 'TF', '{True,False}', 'True', 26, 'Hard', 2),
(459, 'So start western population listen.', 'MCQ', '{A: Choose (A) ,B: Choose (B),C: Choose (C),D: Choose (D)}', 'B', 26, 'Hard', 1),
(460, 'Top reduce list writer east must represent write.', 'TF', '{True,False}', 'True', 26, 'Medium', 2),
(461, 'Win whether month low director class understand.', 'MCQ', '{A: Choose (A) ,B: Choose (B),C: Choose (C),D: Choose (D)}', 'B', 26, 'Hard', 1),
(462, 'During into drug arm.', 'TF', '{True,False}', 'True', 26, 'Medium', 2),
(463, 'Lose very cup.', 'MCQ', '{A: Choose (A) ,B: Choose (B),C: Choose (C),D: Choose (D)}', 'B', 26, 'Hard', 1),
(464, 'Number toward campaign.', 'MCQ', '{A: Choose (A) ,B: Choose (B),C: Choose (C),D: Choose (D)}', 'A', 27, 'Easy', 2),
(465, 'Whole land whatever range.', 'TF', '{True,False}', 'False', 27, 'Easy', 1),
(466, 'Writer season store response choice.', 'TF', '{True,False}', 'True', 27, 'Hard', 2),
(467, 'Sell hear for police before.', 'TF', '{True,False}', 'False', 27, 'Hard', 1),
(468, 'International simple somebody apply.', 'MCQ', '{A: Choose (A) ,B: Choose (B),C: Choose (C),D: Choose (D)}', 'A', 27, 'Hard', 2),
(469, 'Build laugh natural recently write international since for.', 'MCQ', '{A: Choose (A) ,B: Choose (B),C: Choose (C),D: Choose (D)}', 'B', 27, 'Easy', 1),
(470, 'Newspaper thousand tough company movement direction.', 'MCQ', '{A: Choose (A) ,B: Choose (B),C: Choose (C),D: Choose (D)}', 'A', 27, 'Easy', 2),
(471, 'Sell turn national teach candidate chair some either.', 'MCQ', '{A: Choose (A) ,B: Choose (B),C: Choose (C),D: Choose (D)}', 'B', 27, 'Medium', 1),
(472, 'Throw one mother this bit.', 'MCQ', '{A: Choose (A) ,B: Choose (B),C: Choose (C),D: Choose (D)}', 'A', 27, 'Easy', 2),
(473, 'Truth lot this skin.', 'MCQ', '{A: Choose (A) ,B: Choose (B),C: Choose (C),D: Choose (D)}', 'B', 27, 'Easy', 1),
(474, 'Level cell can stop partner affect modern.', 'MCQ', '{A: Choose (A) ,B: Choose (B),C: Choose (C),D: Choose (D)}', 'A', 27, 'Medium', 2),
(475, 'Either drug play tree field suffer.', 'TF', '{True,False}', 'False', 27, 'Hard', 1),
(476, 'Build hundred campaign fish dark major head.', 'MCQ', '{A: Choose (A) ,B: Choose (B),C: Choose (C),D: Choose (D)}', 'A', 27, 'Hard', 2),
(477, 'Charge thousand report vote first trouble.', 'MCQ', '{A: Choose (A) ,B: Choose (B),C: Choose (C),D: Choose (D)}', 'B', 27, 'Hard', 1),
(478, 'As hair not always but wonder direction.', 'TF', '{True,False}', 'True', 27, 'Medium', 2),
(479, 'Floor any popular hear administration sure.', 'TF', '{True,False}', 'False', 27, 'Easy', 1),
(480, 'Sea when whom collection stage might center morning.', 'MCQ', '{A: Choose (A) ,B: Choose (B),C: Choose (C),D: Choose (D)}', 'A', 27, 'Medium', 2),
(481, 'Western so thus fill message.', 'MCQ', '{A: Choose (A) ,B: Choose (B),C: Choose (C),D: Choose (D)}', 'B', 27, 'Easy', 1),
(482, 'Buy suddenly special Mr seat.', 'MCQ', '{A: Choose (A) ,B: Choose (B),C: Choose (C),D: Choose (D)}', 'A', 28, 'Easy', 2),
(483, 'Region choose tend kitchen and.', 'TF', '{True,False}', 'False', 28, 'Hard', 1),
(484, 'Physical yet himself your radio of player.', 'MCQ', '{A: Choose (A) ,B: Choose (B),C: Choose (C),D: Choose (D)}', 'A', 28, 'Medium', 2),
(485, 'Election less rich because career financial.', 'TF', '{True,False}', 'False', 28, 'Medium', 1),
(486, 'Rest her first pass without building white.', 'MCQ', '{A: Choose (A) ,B: Choose (B),C: Choose (C),D: Choose (D)}', 'A', 28, 'Hard', 2),
(487, 'Sit hand any.', 'TF', '{True,False}', 'False', 28, 'Easy', 1),
(488, 'But their many contain response century situation.', 'TF', '{True,False}', 'True', 28, 'Medium', 2),
(489, 'Teach gun program book though suffer drop.', 'MCQ', '{A: Choose (A) ,B: Choose (B),C: Choose (C),D: Choose (D)}', 'B', 28, 'Medium', 1),
(490, 'Green whether student network effect clear.', 'MCQ', '{A: Choose (A) ,B: Choose (B),C: Choose (C),D: Choose (D)}', 'A', 28, 'Medium', 2),
(491, 'Move myself evening product carry hour image.', 'TF', '{True,False}', 'False', 28, 'Hard', 1),
(492, 'Program choice office reveal yeah approach.', 'MCQ', '{A: Choose (A) ,B: Choose (B),C: Choose (C),D: Choose (D)}', 'A', 28, 'Hard', 2),
(493, 'Reason sound skill apply idea hotel answer.', 'MCQ', '{A: Choose (A) ,B: Choose (B),C: Choose (C),D: Choose (D)}', 'B', 28, 'Medium', 1),
(494, 'Anything woman hear drop husband according fish.', 'TF', '{True,False}', 'True', 28, 'Hard', 2),
(495, 'Society stop thus cut scientist environment marriage.', 'TF', '{True,False}', 'False', 28, 'Easy', 1),
(496, 'Policy leg set name why point.', 'MCQ', '{A: Choose (A) ,B: Choose (B),C: Choose (C),D: Choose (D)}', 'A', 28, 'Medium', 2),
(497, 'Compare surface high.', 'MCQ', '{A: Choose (A) ,B: Choose (B),C: Choose (C),D: Choose (D)}', 'B', 28, 'Medium', 1),
(498, 'Should performance increase lawyer guy recent.', 'TF', '{True,False}', 'True', 28, 'Easy', 2),
(499, 'ASD', 'TF', '{1,1,1,2}', '2', NULL, 'Medium', 1),
(500, 'Types is Valid ?', 'TF', '{True,False}', 'True', 1, 'Easy', 4);

-- --------------------------------------------------------

--
-- Table structure for table `question_quiz`
--

CREATE TABLE `question_quiz` (
  `question_id` int(11) NOT NULL,
  `quiz_id` int(11) NOT NULL
) ENGINE=InnoDB DEFAULT CHARSET=utf8 COLLATE=utf8_general_ci;

--
-- Dumping data for table `question_quiz`
--

INSERT INTO `question_quiz` (`question_id`, `quiz_id`) VALUES
(6, 84),
(6, 89),
(6, 90),
(6, 91),
(7, 84),
(7, 87),
(7, 89),
(8, 87),
(8, 91),
(10, 91),
(11, 90),
(12, 85),
(19, 91),
(20, 84),
(20, 90),
(20, 91),
(44, 85),
(394, 85),
(428, 85),
(458, 85),
(499, 86);

-- --------------------------------------------------------

--
-- Table structure for table `quizzes`
--

CREATE TABLE `quizzes` (
  `quiz_id` int(11) NOT NULL,
  `quiz_name` varchar(100) NOT NULL,
  `course_id` int(11) DEFAULT NULL,
  `duration_minutes` int(11) DEFAULT NULL,
  `max_score` float DEFAULT NULL,
  `start_time` datetime DEFAULT NULL,
  `end_time` datetime DEFAULT NULL
) ENGINE=InnoDB DEFAULT CHARSET=utf8 COLLATE=utf8_general_ci;

--
-- Dumping data for table `quizzes`
--

INSERT INTO `quizzes` (`quiz_id`, `quiz_name`, `course_id`, `duration_minutes`, `max_score`, `start_time`, `end_time`) VALUES
(1, 'Quiz 1', 1, 26, 27, '2024-02-05 00:00:00', '2024-02-05 00:00:00'),
(2, 'Mid Term', 1, 11, 100, '2024-02-19 00:00:00', '2024-02-19 00:00:00'),
(3, 'Morales Ltd', 2, 40, 17, '2024-02-13 00:00:00', '2024-02-13 00:00:00'),
(4, 'Schneider-Ayers', 2, 23, 43, '2024-02-02 00:00:00', '2024-02-02 00:00:00'),
(5, 'Bennett-Werner', 3, 30, 47, '2024-04-19 00:00:00', '2024-04-19 00:00:00'),
(6, 'Walker-Jones', 3, 47, 30, '2024-01-15 00:00:00', '2024-01-15 00:00:00'),
(7, 'Duncan-Stewart', 3, 40, 68, '2024-02-10 00:00:00', '2024-02-10 00:00:00'),
(8, 'Snyder PLC', 4, 23, 48, '2024-03-17 00:00:00', '2024-03-17 00:00:00'),
(9, 'Ellis, Ibarra and Williams', 4, 15, 67, '2024-02-15 00:00:00', '2024-02-15 00:00:00'),
(10, 'Larson PLC', 5, 59, 74, '2024-03-07 00:00:00', '2024-03-07 00:00:00'),
(11, 'Thomas Group', 5, 46, 27, '2024-01-27 00:00:00', '2024-01-27 00:00:00'),
(12, 'White PLC', 6, 44, 40, '2024-03-08 00:00:00', '2024-03-08 00:00:00'),
(13, 'Crane, Ortiz and Shannon', 6, 37, 85, '2024-01-06 00:00:00', '2024-01-06 00:00:00'),
(14, 'Poole-Jennings', 6, 32, 16, '2024-05-13 00:00:00', '2024-05-13 00:00:00'),
(15, 'Allen Ltd', 7, 35, 38, '2024-03-21 00:00:00', '2024-03-21 00:00:00'),
(16, 'Wells, Jones and Cox', 7, 34, 28, '2024-04-24 00:00:00', '2024-04-24 00:00:00'),
(17, 'Everett, Fox and Patton', 8, 54, 89, '2024-03-24 00:00:00', '2024-03-24 00:00:00'),
(18, 'Mitchell-Bartlett', 8, 56, 100, '2024-01-02 00:00:00', '2024-01-02 00:00:00'),
(19, 'Downs LLC', 9, 14, 14, '2024-01-26 00:00:00', '2024-01-26 00:00:00'),
(20, 'Watts, Hicks and Mason', 9, 29, 97, '2024-01-21 00:00:00', '2024-01-21 00:00:00'),
(21, 'Clark, Smith and Ashley', 10, 14, 95, '2024-02-17 00:00:00', '2024-02-17 00:00:00'),
(22, 'Warren-Mason', 10, 44, 53, '2024-02-08 00:00:00', '2024-02-08 00:00:00'),
(23, 'Wilson, Perez and Anderson', 10, 11, 13, '2024-01-09 00:00:00', '2024-01-09 00:00:00'),
(24, 'Jones-Rangel', 10, 28, 10, '2024-03-20 00:00:00', '2024-03-20 00:00:00'),
(25, 'Jones and Sons', 11, 42, 37, '2024-02-11 00:00:00', '2024-02-11 00:00:00'),
(26, 'White LLC', 11, 43, 91, '2024-02-22 00:00:00', '2024-02-22 00:00:00'),
(27, 'Kelly-Burns', 11, 23, 47, '2024-04-19 00:00:00', '2024-04-19 00:00:00'),
(28, 'Watkins Inc', 11, 33, 54, '2024-01-30 00:00:00', '2024-01-30 00:00:00'),
(29, 'Davis Inc', 12, 24, 50, '2024-04-10 00:00:00', '2024-04-10 00:00:00'),
(30, 'Williams, Collins and Holland', 12, 48, 93, '2024-01-31 00:00:00', '2024-01-31 00:00:00'),
(31, 'Rodriguez, Hill and Thompson', 12, 52, 90, '2024-03-27 00:00:00', '2024-03-27 00:00:00'),
(32, 'Sparks, Watson and Frank', 12, 11, 79, '2024-02-06 00:00:00', '2024-02-06 00:00:00'),
(33, 'Moreno PLC', 13, 47, 87, '2024-03-12 00:00:00', '2024-03-12 00:00:00'),
(34, 'Haynes PLC', 13, 41, 56, '2024-01-21 00:00:00', '2024-01-21 00:00:00'),
(35, 'Smith-Miller', 14, 43, 64, '2024-03-28 00:00:00', '2024-03-28 00:00:00'),
(36, 'Garcia-Jones', 14, 17, 59, '2024-02-08 00:00:00', '2024-02-08 00:00:00'),
(37, 'Buckley-Morrow', 14, 50, 45, '2024-03-16 00:00:00', '2024-03-16 00:00:00'),
(38, 'Marshall-Farmer', 14, 16, 63, '2024-02-03 00:00:00', '2024-02-03 00:00:00'),
(39, 'Hayes-Dominguez', 14, 26, 25, '2024-01-21 00:00:00', '2024-01-21 00:00:00'),
(40, 'Gibbs, Mccall and Marks', 15, 40, 28, '2024-03-17 00:00:00', '2024-03-17 00:00:00'),
(41, 'Gray-Scott', 15, 52, 34, '2024-02-16 00:00:00', '2024-02-16 00:00:00'),
(42, 'Clarke-Huff', 15, 59, 90, '2024-04-11 00:00:00', '2024-04-11 00:00:00'),
(43, 'Walker LLC', 15, 33, 20, '2024-02-05 00:00:00', '2024-02-05 00:00:00'),
(44, 'White Inc', 15, 17, 35, '2024-01-24 00:00:00', '2024-01-24 00:00:00'),
(45, 'West and Sons', 16, 38, 86, '2024-03-25 00:00:00', '2024-03-25 00:00:00'),
(46, 'Williams-Pratt', 16, 32, 64, '2024-02-14 00:00:00', '2024-02-14 00:00:00'),
(47, 'Reed LLC', 16, 53, 75, '2024-01-21 00:00:00', '2024-01-21 00:00:00'),
(48, 'Randolph-Garcia', 17, 26, 40, '2024-03-23 00:00:00', '2024-03-23 00:00:00'),
(49, 'Carpenter, Howard and Lane', 17, 20, 31, '2024-02-17 00:00:00', '2024-02-17 00:00:00'),
(50, 'Daugherty-Morgan', 18, 11, 55, '2024-05-02 00:00:00', '2024-05-02 00:00:00'),
(51, 'Miller-Hurley', 18, 15, 47, '2024-02-18 00:00:00', '2024-02-18 00:00:00'),
(52, 'Holland-Harrison', 18, 46, 72, '2024-03-17 00:00:00', '2024-03-17 00:00:00'),
(53, 'Murray-Ingram', 19, 26, 14, '2024-05-05 00:00:00', '2024-05-05 00:00:00'),
(54, 'Santos, Sellers and Ellison', 19, 39, 67, '2024-03-12 00:00:00', '2024-03-12 00:00:00'),
(55, 'Elliott-Reynolds', 19, 35, 58, '2024-03-12 00:00:00', '2024-03-12 00:00:00'),
(56, 'Brady, Campbell and Ross', 20, 49, 19, '2024-02-09 00:00:00', '2024-02-09 00:00:00'),
(57, 'Parker-Delacruz', 20, 26, 96, '2024-01-17 00:00:00', '2024-01-17 00:00:00'),
(58, 'Mitchell Ltd', 20, 44, 25, '2024-03-16 00:00:00', '2024-03-16 00:00:00'),
(59, 'Beck PLC', 21, 30, 33, '2024-02-11 00:00:00', '2024-02-11 00:00:00'),
(60, 'Smith-Martinez', 21, 19, 24, '2024-01-23 00:00:00', '2024-01-23 00:00:00'),
(61, 'Brown LLC', 22, 40, 41, '2024-04-23 00:00:00', '2024-04-23 00:00:00'),
(62, 'Boyer and Sons', 22, 32, 21, '2024-01-05 00:00:00', '2024-01-05 00:00:00'),
(63, 'Ward Inc', 22, 46, 18, '2024-04-19 00:00:00', '2024-04-19 00:00:00'),
(64, 'Moreno, Ibarra and Sanders', 22, 53, 98, '2024-04-12 00:00:00', '2024-04-12 00:00:00'),
(65, 'Williams-Williams', 23, 31, 63, '2024-02-20 00:00:00', '2024-02-20 00:00:00'),
(66, 'Reese PLC', 23, 53, 82, '2024-01-24 00:00:00', '2024-01-24 00:00:00'),
(67, 'Lopez, Conley and Murphy', 23, 20, 50, '2024-01-02 00:00:00', '2024-01-02 00:00:00'),
(68, 'Willis Inc', 23, 51, 39, '2024-05-12 00:00:00', '2024-05-12 00:00:00'),
(69, 'Watson Group', 23, 22, 74, '2024-01-17 00:00:00', '2024-01-17 00:00:00'),
(70, 'Washington, Weber and Jones', 24, 30, 17, '2024-01-26 00:00:00', '2024-01-26 00:00:00'),
(71, 'Armstrong LLC', 24, 25, 44, '2024-04-17 00:00:00', '2024-04-17 00:00:00'),
(72, 'Mcguire-Edwards', 24, 18, 21, '2024-01-02 00:00:00', '2024-01-02 00:00:00'),
(73, 'Garcia Ltd', 25, 19, 79, '2024-05-02 00:00:00', '2024-05-02 00:00:00'),
(74, 'Hill-Marquez', 25, 59, 43, '2024-01-25 00:00:00', '2024-01-25 00:00:00'),
(75, 'Warren, Watson and Beasley', 25, 31, 55, '2024-02-02 00:00:00', '2024-02-02 00:00:00'),
(76, 'Morris-Weber', 25, 19, 77, '2024-05-02 00:00:00', '2024-05-02 00:00:00'),
(77, 'Potter-Wolfe', 26, 30, 78, '2024-01-23 00:00:00', '2024-01-23 00:00:00'),
(78, 'Thomas PLC', 26, 44, 74, '2024-05-14 00:00:00', '2024-05-14 00:00:00'),
(79, 'Hernandez, Oneill and Wilson', 27, 40, 76, '2024-01-17 00:00:00', '2024-01-17 00:00:00'),
(80, 'Carr Inc', 27, 15, 28, '2024-02-07 00:00:00', '2024-02-07 00:00:00'),
(81, 'Wade-Alvarez', 28, 37, 34, '2024-03-04 00:00:00', '2024-03-04 00:00:00'),
(82, 'Mercado-Cook', 28, 46, 93, '2024-04-16 00:00:00', '2024-04-16 00:00:00'),
(83, 'Murray and Sons', 28, 17, 34, '2024-01-06 00:00:00', '2024-01-06 00:00:00'),
(84, 'T', 12, 30, 100, '2024-06-26 03:10:00', '2024-06-27 03:10:00'),
(85, 'T2', 12, 30, 10, '2024-06-27 03:11:00', '2024-06-27 03:11:00'),
(86, 'FG', 12, 30, 100, '0000-00-00 00:00:00', '0000-00-00 00:00:00'),
(87, 'T22', 13, 30, 100, '2024-07-06 03:19:00', '2024-07-05 03:19:00'),
(89, 'Scott Huff', 1, 3, 29, '1973-12-11 23:19:00', '2004-10-28 15:43:00'),
(90, 'Scott Huff JOB', 11, 30, 50, '2024-06-29 03:35:00', '2024-06-30 03:35:00'),
(91, 'Final', 1, 60, 50, '2024-06-29 05:34:00', '2024-06-30 05:34:00');

-- --------------------------------------------------------

--
-- Table structure for table `studentcourses`
--

CREATE TABLE `studentcourses` (
  `student_id` int(11) DEFAULT NULL,
  `course_id` int(11) DEFAULT NULL
) ENGINE=InnoDB DEFAULT CHARSET=utf8 COLLATE=utf8_general_ci;

--
-- Dumping data for table `studentcourses`
--

INSERT INTO `studentcourses` (`student_id`, `course_id`) VALUES
(21, 1),
(130, 1),
(282, 1),
(119, 1),
(1, 1),
(227, 1),
(56, 1),
(298, 1),
(177, 1),
(234, 1),
(217, 1),
(81, 1),
(123, 1),
(94, 1),
(167, 1),
(255, 1),
(213, 1),
(75, 1),
(38, 1),
(174, 1),
(197, 1),
(66, 1),
(111, 1),
(254, 1),
(7, 1),
(63, 1),
(238, 1),
(119, 1),
(264, 1),
(24, 1),
(100, 1),
(18, 1),
(152, 1),
(127, 1),
(58, 1),
(75, 1),
(82, 1),
(72, 1),
(89, 1),
(124, 1),
(268, 2),
(147, 2),
(191, 2),
(37, 2),
(7, 2),
(236, 2),
(256, 2),
(47, 2),
(186, 2),
(287, 2),
(235, 2),
(200, 2),
(279, 2),
(53, 2),
(145, 2),
(12, 2),
(210, 2),
(267, 2),
(238, 2),
(134, 2),
(205, 2),
(201, 2),
(281, 2),
(21, 2),
(254, 2),
(194, 2),
(203, 2),
(164, 2),
(283, 2),
(206, 2),
(2, 2),
(5, 2),
(136, 2),
(120, 2),
(13, 2),
(257, 2),
(154, 2),
(242, 2),
(31, 2),
(54, 2),
(180, 3),
(261, 3),
(68, 3),
(217, 3),
(191, 3),
(77, 3),
(106, 3),
(298, 3),
(46, 3),
(20, 3),
(206, 3),
(31, 3),
(297, 3),
(47, 3),
(56, 3),
(118, 3),
(100, 3),
(176, 3),
(238, 3),
(232, 3),
(189, 3),
(141, 3),
(40, 3),
(93, 3),
(156, 3),
(10, 3),
(101, 3),
(175, 3),
(73, 3),
(148, 3),
(283, 3),
(287, 3),
(293, 3),
(138, 3),
(166, 3),
(236, 3),
(87, 3),
(85, 3),
(180, 3),
(52, 3),
(24, 4),
(260, 4),
(273, 4),
(171, 4),
(191, 4),
(140, 4),
(282, 4),
(22, 4),
(95, 4),
(250, 4),
(65, 4),
(273, 4),
(236, 4),
(257, 4),
(193, 4),
(103, 4),
(263, 4),
(22, 4),
(8, 4),
(253, 4),
(56, 4),
(1, 4),
(102, 4),
(33, 4),
(258, 4),
(233, 4),
(123, 4),
(115, 4),
(187, 4),
(166, 4),
(51, 4),
(233, 4),
(201, 4),
(53, 4),
(171, 4),
(255, 4),
(226, 4),
(197, 4),
(26, 5),
(241, 5),
(200, 5),
(222, 5),
(299, 5),
(188, 5),
(251, 5),
(133, 5),
(203, 5),
(102, 5),
(236, 5),
(148, 5),
(248, 5),
(115, 5),
(300, 5),
(246, 5),
(258, 5),
(17, 5),
(168, 5),
(231, 5),
(157, 5),
(193, 5),
(163, 5),
(169, 5),
(149, 5),
(259, 5),
(290, 5),
(153, 5),
(160, 5),
(168, 5),
(279, 6),
(133, 6),
(35, 6),
(173, 6),
(233, 6),
(143, 6),
(168, 6),
(218, 6),
(37, 6),
(67, 6),
(49, 6),
(211, 6),
(108, 6),
(287, 6),
(146, 6),
(114, 6),
(196, 6),
(208, 6),
(108, 6),
(230, 6),
(38, 6),
(65, 6),
(74, 6),
(211, 6),
(96, 6),
(44, 6),
(86, 6),
(129, 6),
(162, 6),
(76, 6),
(288, 7),
(160, 7),
(271, 7),
(28, 7),
(155, 7),
(103, 7),
(58, 7),
(88, 7),
(287, 7),
(164, 7),
(224, 7),
(293, 7),
(15, 7),
(232, 7),
(209, 7),
(272, 7),
(5, 7),
(11, 7),
(182, 7),
(175, 7),
(195, 7),
(163, 7),
(75, 7),
(128, 7),
(189, 7),
(15, 7),
(183, 7),
(71, 7),
(179, 7),
(179, 7),
(47, 7),
(215, 7),
(7, 7),
(161, 7),
(199, 7),
(257, 7),
(85, 7),
(152, 7),
(82, 7),
(169, 7),
(299, 8),
(18, 8),
(165, 8),
(146, 8),
(33, 8),
(92, 8),
(83, 8),
(6, 8),
(78, 8),
(295, 8),
(48, 8),
(281, 8),
(112, 8),
(82, 8),
(110, 8),
(122, 8),
(232, 8),
(111, 8),
(252, 8),
(47, 8),
(13, 8),
(25, 8),
(114, 8),
(58, 8),
(61, 8),
(135, 8),
(164, 8),
(281, 8),
(296, 8),
(128, 8),
(113, 8),
(141, 8),
(104, 8),
(117, 8),
(164, 8),
(144, 8),
(113, 8),
(91, 9),
(182, 9),
(231, 9),
(122, 9),
(137, 9),
(228, 9),
(133, 9),
(86, 9),
(211, 9),
(158, 9),
(193, 9),
(236, 9),
(57, 9),
(278, 9),
(194, 9),
(111, 9),
(264, 9),
(191, 9),
(97, 9),
(94, 9),
(186, 9),
(84, 9),
(12, 9),
(238, 9),
(269, 9),
(24, 9),
(82, 9),
(47, 9),
(120, 9),
(188, 9),
(83, 9),
(105, 9),
(160, 9),
(242, 9),
(180, 9),
(184, 9),
(20, 10),
(120, 10),
(247, 10),
(201, 10),
(183, 10),
(217, 10),
(62, 10),
(118, 10),
(12, 10),
(229, 10),
(83, 10),
(266, 10),
(40, 10),
(223, 10),
(105, 10),
(300, 10),
(9, 10),
(257, 10),
(272, 10),
(19, 10),
(230, 10),
(70, 10),
(238, 10),
(9, 10),
(32, 10),
(271, 10),
(106, 10),
(261, 10),
(263, 10),
(106, 10),
(29, 10),
(79, 11),
(30, 11),
(66, 11),
(96, 11),
(150, 11),
(252, 11),
(139, 11),
(182, 11),
(71, 11),
(111, 11),
(239, 11),
(57, 11),
(140, 11),
(15, 11),
(113, 11),
(286, 11),
(208, 11),
(300, 11),
(8, 11),
(43, 11),
(122, 11),
(177, 11),
(289, 11),
(52, 11),
(234, 11),
(126, 11),
(125, 11),
(145, 11),
(149, 11),
(113, 11),
(297, 11),
(8, 11),
(284, 11),
(278, 11),
(176, 11),
(196, 11),
(203, 11),
(186, 12),
(166, 12),
(154, 12),
(255, 12),
(187, 12),
(287, 12),
(206, 12),
(206, 12),
(62, 12),
(36, 12),
(150, 12),
(196, 12),
(134, 12),
(270, 12),
(163, 12),
(167, 12),
(38, 12),
(40, 12),
(28, 12),
(132, 12),
(205, 12),
(36, 12),
(227, 12),
(99, 12),
(200, 12),
(230, 12),
(23, 12),
(169, 12),
(257, 12),
(135, 12),
(110, 12),
(30, 12),
(225, 12),
(256, 12),
(279, 12),
(230, 12),
(130, 12),
(59, 13),
(118, 13),
(83, 13),
(103, 13),
(12, 13),
(130, 13),
(105, 13),
(271, 13),
(277, 13),
(255, 13),
(271, 13),
(12, 13),
(129, 13),
(84, 13),
(260, 13),
(125, 13),
(130, 13),
(117, 13),
(84, 13),
(98, 13),
(80, 13),
(77, 13),
(128, 13),
(66, 13),
(240, 13),
(153, 13),
(57, 13),
(44, 13),
(248, 13),
(123, 13),
(283, 13),
(187, 13),
(134, 13),
(129, 14),
(281, 14),
(178, 14),
(74, 14),
(186, 14),
(62, 14),
(9, 14),
(53, 14),
(78, 14),
(282, 14),
(64, 14),
(264, 14),
(122, 14),
(9, 14),
(5, 14),
(177, 14),
(110, 14),
(223, 14),
(154, 14),
(6, 14),
(113, 14),
(232, 14),
(181, 14),
(47, 14),
(98, 14),
(273, 14),
(48, 14),
(272, 14),
(167, 14),
(270, 14),
(156, 14),
(78, 15),
(109, 15),
(128, 15),
(90, 15),
(187, 15),
(206, 15),
(158, 15),
(183, 15),
(174, 15),
(96, 15),
(294, 15),
(264, 15),
(194, 15),
(149, 15),
(294, 15),
(79, 15),
(187, 15),
(140, 15),
(87, 15),
(52, 15),
(160, 15),
(16, 15),
(298, 15),
(52, 15),
(145, 15),
(172, 15),
(256, 15),
(217, 15),
(201, 15),
(294, 15),
(236, 15),
(123, 16),
(90, 16),
(168, 16),
(65, 16),
(176, 16),
(228, 16),
(97, 16),
(233, 16),
(205, 16),
(132, 16),
(55, 16),
(228, 16),
(283, 16),
(276, 16),
(255, 16),
(61, 16),
(228, 16),
(291, 16),
(32, 16),
(280, 16),
(221, 16),
(221, 16),
(80, 16),
(44, 16),
(212, 16),
(272, 16),
(185, 16),
(289, 16),
(269, 16),
(300, 16),
(192, 16),
(62, 16),
(75, 16),
(71, 16),
(13, 16),
(209, 16),
(110, 17),
(4, 17),
(110, 17),
(168, 17),
(140, 17),
(232, 17),
(32, 17),
(9, 17),
(71, 17),
(197, 17),
(14, 17),
(197, 17),
(32, 17),
(157, 17),
(75, 17),
(221, 17),
(261, 17),
(146, 17),
(215, 17),
(220, 17),
(165, 17),
(256, 17),
(16, 17),
(256, 17),
(68, 17),
(281, 17),
(151, 17),
(174, 17),
(26, 17),
(292, 17),
(109, 17),
(153, 17),
(227, 17),
(264, 17),
(285, 17),
(123, 17),
(152, 17),
(165, 17),
(140, 17),
(188, 17),
(96, 18),
(4, 18),
(236, 18),
(52, 18),
(16, 18),
(138, 18),
(263, 18),
(298, 18),
(18, 18),
(222, 18),
(263, 18),
(153, 18),
(211, 18),
(246, 18),
(72, 18),
(224, 18),
(257, 18),
(122, 18),
(270, 18),
(112, 18),
(298, 18),
(138, 18),
(175, 18),
(242, 18),
(191, 18),
(295, 18),
(203, 18),
(182, 18),
(181, 18),
(251, 18),
(85, 18),
(248, 18),
(25, 18),
(260, 18),
(42, 18),
(135, 18),
(35, 18),
(122, 18),
(17, 18),
(10, 18),
(194, 19),
(54, 19),
(201, 19),
(147, 19),
(45, 19),
(279, 19),
(178, 19),
(215, 19),
(32, 19),
(15, 19),
(296, 19),
(9, 19),
(76, 19),
(5, 19),
(153, 19),
(87, 19),
(39, 19),
(5, 19),
(299, 19),
(227, 19),
(227, 19),
(259, 19),
(300, 19),
(108, 19),
(225, 19),
(159, 19),
(17, 19),
(278, 19),
(122, 19),
(142, 19),
(265, 19),
(87, 19),
(184, 19),
(70, 19),
(207, 19),
(192, 20),
(140, 20),
(13, 20),
(45, 20),
(118, 20),
(193, 20),
(84, 20),
(39, 20),
(267, 20),
(35, 20),
(183, 20),
(138, 20),
(172, 20),
(80, 20),
(110, 20),
(162, 20),
(160, 20),
(111, 20),
(170, 20),
(157, 20),
(167, 20),
(51, 20),
(60, 20),
(76, 20),
(68, 20),
(121, 20),
(183, 20),
(58, 20),
(148, 20),
(151, 20),
(51, 20),
(277, 20),
(193, 20),
(272, 20),
(28, 20),
(224, 20),
(175, 20),
(170, 21),
(258, 21),
(175, 21),
(210, 21),
(148, 21),
(230, 21),
(154, 21),
(300, 21),
(105, 21),
(66, 21),
(285, 21),
(240, 21),
(222, 21),
(40, 21),
(27, 21),
(142, 21),
(231, 21),
(187, 21),
(23, 21),
(263, 21),
(224, 21),
(154, 21),
(284, 21),
(151, 21),
(297, 21),
(283, 21),
(186, 21),
(30, 21),
(139, 21),
(75, 21),
(76, 21),
(102, 21),
(298, 21),
(41, 22),
(58, 22),
(65, 22),
(156, 22),
(215, 22),
(239, 22),
(69, 22),
(268, 22),
(40, 22),
(274, 22),
(7, 22),
(269, 22),
(117, 22),
(115, 22),
(226, 22),
(163, 22),
(191, 22),
(254, 22),
(199, 22),
(39, 22),
(106, 22),
(208, 22),
(253, 22),
(71, 22),
(292, 22),
(9, 22),
(227, 22),
(232, 22),
(115, 22),
(240, 22),
(259, 22),
(88, 22),
(208, 23),
(12, 23),
(94, 23),
(200, 23),
(295, 23),
(56, 23),
(106, 23),
(155, 23),
(276, 23),
(80, 23),
(54, 23),
(108, 23),
(212, 23),
(30, 23),
(248, 23),
(94, 23),
(48, 23),
(102, 23),
(167, 23),
(75, 23),
(255, 23),
(133, 23),
(3, 23),
(164, 23),
(166, 23),
(116, 23),
(264, 23),
(55, 23),
(15, 23),
(89, 23),
(227, 23),
(61, 23),
(43, 23),
(273, 23),
(285, 23),
(129, 24),
(144, 24),
(251, 24),
(244, 24),
(179, 24),
(292, 24),
(288, 24),
(18, 24),
(245, 24),
(293, 24),
(233, 24),
(50, 24),
(194, 24),
(10, 24),
(257, 24),
(14, 24),
(280, 24),
(244, 24),
(74, 24),
(179, 24),
(18, 24),
(145, 24),
(134, 24),
(171, 24),
(86, 24),
(170, 24),
(252, 24),
(53, 24),
(184, 24),
(11, 24),
(160, 24),
(52, 24),
(17, 24),
(275, 24),
(143, 24),
(14, 25),
(66, 25),
(168, 25),
(47, 25),
(296, 25),
(299, 25),
(260, 25),
(131, 25),
(176, 25),
(109, 25),
(167, 25),
(128, 25),
(114, 25),
(211, 25),
(129, 25),
(154, 25),
(120, 25),
(177, 25),
(293, 25),
(135, 25),
(208, 25),
(263, 25),
(183, 25),
(142, 25),
(175, 25),
(78, 25),
(120, 25),
(11, 25),
(146, 25),
(31, 25),
(96, 25),
(176, 25),
(78, 26),
(114, 26),
(119, 26),
(108, 26),
(121, 26),
(76, 26),
(202, 26),
(123, 26),
(258, 26),
(73, 26),
(127, 26),
(118, 26),
(253, 26),
(236, 26),
(214, 26),
(157, 26),
(99, 26),
(124, 26),
(274, 26),
(231, 26),
(185, 26),
(286, 26),
(118, 26),
(230, 26),
(231, 26),
(26, 26),
(55, 26),
(163, 26),
(252, 26),
(16, 26),
(151, 26),
(294, 26),
(98, 26),
(167, 26),
(75, 26),
(260, 27),
(146, 27),
(276, 27),
(159, 27),
(86, 27),
(279, 27),
(264, 27),
(129, 27),
(89, 27),
(198, 27),
(267, 27),
(211, 27),
(260, 27),
(59, 27),
(76, 27),
(197, 27),
(169, 27),
(289, 27),
(27, 27),
(77, 27),
(181, 27),
(114, 27),
(106, 27),
(51, 27),
(217, 27),
(229, 27),
(77, 27),
(231, 27),
(166, 27),
(292, 27),
(137, 27),
(92, 27),
(183, 27),
(144, 27),
(268, 27),
(46, 27),
(297, 27),
(77, 27),
(124, 28),
(273, 28),
(28, 28),
(200, 28),
(58, 28),
(14, 28),
(120, 28),
(143, 28),
(43, 28),
(139, 28),
(283, 28),
(177, 28),
(103, 28),
(277, 28),
(236, 28),
(173, 28),
(13, 28),
(268, 28),
(149, 28),
(249, 28),
(210, 28),
(287, 28),
(246, 28),
(103, 28),
(211, 28),
(283, 28),
(161, 28),
(160, 28),
(167, 28),
(145, 28),
(170, 28),
(43, 28),
(264, 28),
(153, 28),
(96, 1),
(277, 1),
(132, 1),
(11, 1),
(285, 1),
(19, 1),
(193, 1),
(271, 1),
(196, 1),
(156, 1),
(40, 1),
(107, 1),
(110, 1),
(229, 1),
(239, 1),
(189, 1),
(189, 1),
(271, 1),
(256, 1),
(262, 1),
(299, 1),
(181, 1),
(274, 1),
(189, 1),
(200, 1),
(67, 1),
(300, 1),
(68, 1),
(139, 1),
(200, 1),
(37, 1),
(82, 1),
(42, 1),
(154, 1),
(101, 1),
(118, 1),
(296, 2),
(285, 2),
(159, 2),
(102, 2),
(69, 2),
(90, 2),
(80, 2),
(199, 2),
(17, 2),
(285, 2),
(201, 2),
(206, 2),
(104, 2),
(154, 2),
(82, 2),
(33, 2),
(175, 2),
(58, 2),
(211, 2),
(139, 2),
(27, 2),
(285, 2),
(188, 2),
(195, 2),
(164, 2),
(280, 2),
(191, 2),
(296, 2),
(132, 2),
(1, 2),
(90, 2),
(270, 2),
(34, 2),
(35, 3),
(77, 3),
(183, 3),
(3, 3),
(130, 3),
(134, 3),
(82, 3),
(284, 3),
(51, 3),
(52, 3),
(224, 3),
(281, 3),
(38, 3),
(88, 3),
(224, 3),
(120, 3),
(163, 3),
(235, 3),
(103, 3),
(235, 3),
(181, 3),
(164, 3),
(291, 3),
(113, 3),
(225, 3),
(226, 3),
(269, 3),
(199, 3),
(174, 3),
(8, 3),
(128, 3),
(223, 4),
(94, 4),
(18, 4),
(238, 4),
(154, 4),
(143, 4),
(121, 4),
(292, 4),
(259, 4),
(62, 4),
(285, 4),
(17, 4),
(10, 4),
(26, 4),
(278, 4),
(79, 4),
(64, 4),
(214, 4),
(165, 4),
(293, 4),
(276, 4),
(17, 4),
(35, 4),
(51, 4),
(86, 4),
(182, 4),
(145, 4),
(18, 4),
(92, 4),
(246, 4),
(115, 4),
(149, 4),
(280, 5),
(118, 5),
(142, 5),
(219, 5),
(260, 5),
(127, 5),
(30, 5),
(217, 5),
(172, 5),
(26, 5),
(180, 5),
(260, 5),
(78, 5),
(172, 5),
(223, 5),
(142, 5),
(279, 5),
(126, 5),
(124, 5),
(257, 5),
(55, 5),
(266, 5),
(296, 5),
(201, 5),
(194, 5),
(147, 5),
(28, 5),
(50, 5),
(73, 5),
(179, 5),
(144, 5),
(23, 5),
(45, 5),
(163, 5),
(217, 5),
(175, 5),
(262, 5),
(204, 5),
(136, 5),
(134, 5),
(215, 6),
(2, 6),
(220, 6),
(99, 6),
(80, 6),
(31, 6),
(243, 6),
(138, 6),
(184, 6),
(194, 6),
(20, 6),
(254, 6),
(98, 6),
(199, 6),
(58, 6),
(19, 6),
(9, 6),
(100, 6),
(248, 6),
(86, 6),
(98, 6),
(15, 6),
(152, 6),
(131, 6),
(160, 6),
(170, 6),
(244, 6),
(49, 6),
(51, 6),
(274, 6),
(203, 7),
(133, 7),
(244, 7),
(172, 7),
(41, 7),
(253, 7),
(181, 7),
(59, 7),
(22, 7),
(73, 7),
(253, 7),
(264, 7),
(274, 7),
(177, 7),
(210, 7),
(97, 7),
(67, 7),
(132, 7),
(206, 7),
(14, 7),
(188, 7),
(38, 7),
(164, 7),
(241, 7),
(27, 7),
(15, 7),
(172, 7),
(40, 7),
(53, 7),
(263, 7),
(215, 7),
(256, 7),
(155, 7),
(264, 7),
(116, 7),
(96, 7),
(33, 8),
(55, 8),
(73, 8),
(134, 8),
(144, 8),
(297, 8),
(226, 8),
(6, 8),
(152, 8),
(278, 8),
(211, 8),
(32, 8),
(298, 8),
(277, 8),
(248, 8),
(291, 8),
(225, 8),
(166, 8),
(225, 8),
(22, 8),
(135, 8),
(118, 8),
(279, 8),
(72, 8),
(253, 8),
(287, 8),
(60, 8),
(127, 8),
(54, 8),
(101, 8),
(42, 8),
(206, 8),
(264, 8),
(300, 8),
(222, 8),
(44, 8),
(205, 9),
(159, 9),
(203, 9),
(63, 9),
(123, 9),
(177, 9),
(250, 9),
(38, 9),
(218, 9),
(109, 9),
(141, 9),
(187, 9),
(181, 9),
(62, 9),
(272, 9),
(140, 9),
(17, 9),
(74, 9),
(150, 9),
(28, 9),
(1, 9),
(252, 9),
(135, 9),
(27, 9),
(192, 9),
(76, 9),
(74, 9),
(91, 9),
(202, 9),
(33, 9),
(193, 9),
(205, 10),
(23, 10),
(189, 10),
(49, 10),
(188, 10),
(174, 10),
(128, 10),
(77, 10),
(45, 10),
(120, 10),
(278, 10),
(267, 10),
(262, 10),
(298, 10),
(241, 10),
(6, 10),
(266, 10),
(49, 10),
(31, 10),
(37, 10),
(133, 10),
(150, 10),
(206, 10),
(142, 10),
(89, 10),
(105, 10),
(92, 10),
(56, 10),
(64, 10),
(99, 10),
(16, 10),
(224, 10),
(216, 10),
(87, 10),
(233, 10),
(169, 10),
(128, 10),
(280, 10),
(254, 10),
(236, 11),
(120, 11),
(271, 11),
(128, 11),
(62, 11),
(225, 11),
(148, 11),
(57, 11),
(27, 11),
(136, 11),
(93, 11),
(123, 11),
(144, 11),
(54, 11),
(283, 11),
(162, 11),
(196, 11),
(273, 11),
(68, 11),
(211, 11),
(82, 11),
(286, 11),
(280, 11),
(113, 11),
(299, 11),
(241, 11),
(67, 11),
(74, 11),
(81, 11),
(121, 11),
(221, 11),
(99, 11),
(23, 11),
(44, 11),
(38, 12),
(209, 12),
(48, 12),
(120, 12),
(17, 12),
(272, 12),
(44, 12),
(103, 12),
(290, 12),
(250, 12),
(12, 12),
(298, 12),
(127, 12),
(215, 12),
(62, 12),
(280, 12),
(164, 12),
(133, 12),
(53, 12),
(186, 12),
(64, 12),
(52, 12),
(300, 12),
(260, 12),
(258, 12),
(148, 12),
(49, 12),
(225, 12),
(247, 12),
(259, 12),
(137, 12),
(114, 12),
(91, 12),
(63, 12),
(69, 12),
(51, 12),
(88, 12),
(132, 12),
(117, 12),
(273, 12),
(134, 13),
(62, 13),
(230, 13),
(101, 13),
(38, 13),
(278, 13),
(104, 13),
(71, 13),
(231, 13),
(210, 13),
(6, 13),
(200, 13),
(74, 13),
(162, 13),
(10, 13),
(20, 13),
(89, 13),
(124, 13),
(144, 13),
(243, 13),
(250, 13),
(6, 13),
(244, 13),
(198, 13),
(294, 13),
(243, 13),
(11, 13),
(289, 13),
(28, 13),
(196, 13),
(218, 13),
(70, 14),
(134, 14),
(254, 14),
(160, 14),
(190, 14),
(89, 14),
(6, 14),
(28, 14),
(147, 14),
(71, 14),
(205, 14),
(46, 14),
(54, 14),
(290, 14),
(157, 14),
(86, 14),
(106, 14),
(229, 14),
(283, 14),
(26, 14),
(92, 14),
(9, 14),
(69, 14),
(180, 14),
(25, 14),
(197, 14),
(299, 14),
(109, 14),
(297, 14),
(287, 14),
(130, 14),
(138, 14),
(225, 14),
(235, 14),
(244, 14),
(55, 14),
(138, 14),
(237, 14),
(194, 14),
(87, 14),
(92, 15),
(277, 15),
(275, 15),
(231, 15),
(74, 15),
(39, 15),
(150, 15),
(149, 15),
(47, 15),
(146, 15),
(26, 15),
(165, 15),
(69, 15),
(57, 15),
(138, 15),
(248, 15),
(294, 15),
(65, 15),
(215, 15),
(134, 15),
(228, 15),
(231, 15),
(13, 15),
(265, 15),
(151, 15),
(34, 15),
(246, 15),
(247, 15),
(41, 15),
(120, 15),
(66, 16),
(79, 16),
(150, 16),
(196, 16),
(182, 16),
(27, 16),
(204, 16),
(85, 16),
(138, 16),
(164, 16),
(84, 16),
(245, 16),
(262, 16),
(145, 16),
(18, 16),
(257, 16),
(172, 16),
(258, 16),
(28, 16),
(49, 16),
(121, 16),
(54, 16),
(12, 16),
(124, 16),
(78, 16),
(41, 16),
(126, 16),
(226, 16),
(292, 16),
(241, 16),
(144, 16),
(110, 16),
(66, 17),
(89, 17),
(252, 17),
(232, 17),
(98, 17),
(140, 17),
(74, 17),
(29, 17),
(33, 17),
(205, 17),
(83, 17),
(147, 17),
(216, 17),
(138, 17),
(173, 17),
(18, 17),
(41, 17),
(90, 17),
(157, 17),
(133, 17),
(244, 17),
(199, 17),
(3, 17),
(168, 17),
(182, 17),
(146, 17),
(66, 17),
(197, 17),
(213, 17),
(71, 17),
(216, 18),
(12, 18),
(56, 18),
(291, 18),
(200, 18),
(150, 18),
(160, 18),
(111, 18),
(213, 18),
(147, 18),
(202, 18),
(129, 18),
(157, 18),
(148, 18),
(300, 18),
(282, 18),
(265, 18),
(7, 18),
(142, 18),
(72, 18),
(226, 18),
(226, 18),
(286, 18),
(8, 18),
(75, 18),
(129, 18),
(172, 18),
(11, 18),
(167, 18),
(268, 18),
(163, 18),
(60, 18),
(284, 18),
(126, 18),
(288, 18),
(54, 18),
(196, 18),
(292, 18),
(230, 18),
(136, 18),
(183, 19),
(295, 19),
(162, 19),
(209, 19),
(233, 19),
(46, 19),
(93, 19),
(92, 19),
(174, 19),
(54, 19),
(106, 19),
(21, 19),
(215, 19),
(39, 19),
(3, 19),
(192, 19),
(260, 19),
(123, 19),
(250, 19),
(284, 19),
(245, 19),
(152, 19),
(176, 19),
(206, 19),
(65, 19),
(153, 19),
(102, 19),
(261, 19),
(251, 19),
(166, 19),
(82, 19),
(148, 19),
(32, 19),
(160, 19),
(252, 19),
(70, 19),
(19, 20),
(140, 20),
(36, 20),
(166, 20),
(251, 20),
(156, 20),
(18, 20),
(31, 20),
(98, 20),
(108, 20),
(4, 20),
(182, 20),
(187, 20),
(292, 20),
(12, 20),
(97, 20),
(72, 20),
(51, 20),
(270, 20),
(205, 20),
(176, 20),
(142, 20),
(137, 20),
(44, 20),
(82, 20),
(34, 20),
(281, 20),
(14, 20),
(145, 20),
(29, 20),
(46, 20),
(71, 20),
(7, 20),
(14, 20),
(205, 20),
(120, 20),
(285, 20),
(26, 20),
(162, 20),
(139, 20),
(1, 21),
(100, 21),
(103, 21),
(241, 21),
(213, 21),
(220, 21),
(172, 21),
(298, 21),
(252, 21),
(55, 21),
(138, 21),
(150, 21),
(108, 21),
(175, 21),
(227, 21),
(201, 21),
(111, 21),
(52, 21),
(93, 21),
(21, 21),
(243, 21),
(298, 21),
(210, 21),
(281, 21),
(106, 21),
(119, 21),
(278, 21),
(205, 21),
(75, 21),
(184, 21),
(262, 21),
(15, 21),
(257, 21),
(11, 21),
(284, 21),
(271, 21),
(60, 21),
(206, 22),
(44, 22),
(142, 22),
(160, 22),
(231, 22),
(233, 22),
(9, 22),
(283, 22),
(213, 22),
(268, 22),
(86, 22),
(240, 22),
(163, 22),
(166, 22),
(49, 22),
(257, 22),
(18, 22),
(42, 22),
(287, 22),
(201, 22),
(184, 22),
(243, 22),
(105, 22),
(67, 22),
(207, 22),
(269, 22),
(250, 22),
(277, 22),
(232, 22),
(4, 22),
(193, 23),
(173, 23),
(162, 23),
(189, 23),
(40, 23),
(95, 23),
(196, 23),
(238, 23),
(225, 23),
(278, 23),
(102, 23),
(291, 23),
(116, 23),
(210, 23),
(231, 23),
(91, 23),
(149, 23),
(266, 23),
(267, 23),
(53, 23),
(296, 23),
(45, 23),
(174, 23),
(261, 23),
(101, 23),
(85, 23),
(185, 23),
(36, 23),
(290, 23),
(155, 23),
(163, 23),
(216, 23),
(184, 23),
(116, 23),
(165, 23),
(47, 23),
(151, 23),
(217, 23),
(183, 23),
(43, 24),
(39, 24),
(192, 24),
(294, 24),
(265, 24),
(32, 24),
(51, 24),
(148, 24),
(184, 24),
(197, 24),
(290, 24),
(44, 24),
(62, 24),
(248, 24),
(186, 24),
(231, 24),
(72, 24),
(180, 24),
(287, 24),
(38, 24),
(49, 24),
(15, 24),
(110, 24),
(137, 24),
(285, 24),
(217, 24),
(137, 24),
(199, 24),
(181, 24),
(243, 24),
(261, 24),
(196, 24),
(235, 25),
(287, 25),
(180, 25),
(268, 25),
(151, 25),
(139, 25),
(199, 25),
(20, 25),
(226, 25),
(257, 25),
(24, 25),
(19, 25),
(130, 25),
(26, 25),
(107, 25),
(247, 25),
(290, 25),
(33, 25),
(105, 25),
(202, 25),
(188, 25),
(81, 25),
(221, 25),
(198, 25),
(257, 25),
(201, 25),
(106, 25),
(231, 25),
(151, 25),
(30, 25),
(51, 25),
(130, 25),
(299, 25),
(95, 25),
(30, 25),
(111, 26),
(198, 26),
(56, 26),
(277, 26),
(108, 26),
(60, 26),
(233, 26),
(243, 26),
(177, 26),
(57, 26),
(194, 26),
(240, 26),
(193, 26),
(286, 26),
(31, 26),
(115, 26),
(119, 26),
(124, 26),
(293, 26),
(212, 26),
(188, 26),
(241, 26),
(3, 26),
(179, 26),
(60, 26),
(205, 26),
(56, 26),
(106, 26),
(203, 26),
(255, 26),
(284, 27),
(180, 27),
(140, 27),
(147, 27),
(164, 27),
(18, 27),
(62, 27),
(136, 27),
(203, 27),
(192, 27),
(71, 27),
(230, 27),
(284, 27),
(23, 27),
(255, 27),
(165, 27),
(171, 27),
(48, 27),
(268, 27),
(238, 27),
(20, 27),
(176, 27),
(165, 27),
(191, 27),
(194, 27),
(48, 27),
(199, 27),
(156, 27),
(35, 27),
(188, 27),
(57, 27),
(185, 27),
(96, 27),
(112, 27),
(268, 27),
(164, 27),
(183, 27),
(270, 27),
(144, 27),
(162, 28),
(61, 28),
(8, 28),
(13, 28),
(131, 28),
(164, 28),
(129, 28),
(88, 28),
(176, 28),
(276, 28),
(58, 28),
(77, 28),
(68, 28),
(188, 28),
(173, 28),
(105, 28),
(196, 28),
(16, 28),
(255, 28),
(27, 28),
(93, 28),
(12, 28),
(184, 28),
(27, 28),
(165, 28),
(262, 28),
(248, 28),
(151, 28),
(92, 28),
(278, 28),
(180, 28),
(131, 28),
(14, 28),
(17, 28),
(191, 28),
(164, 28),
(110, 28);

-- --------------------------------------------------------

--
-- Table structure for table `studentquizzes`
--

CREATE TABLE `studentquizzes` (
  `student_id` int(11) DEFAULT NULL,
  `quiz_id` int(11) DEFAULT NULL,
  `score` float DEFAULT NULL
) ENGINE=InnoDB DEFAULT CHARSET=utf8 COLLATE=utf8_general_ci;

--
-- Dumping data for table `studentquizzes`
--

INSERT INTO `studentquizzes` (`student_id`, `quiz_id`, `score`) VALUES
(1, 1, 2),
(1, 2, 82),
(1, 89, 29),
(7, 1, 16),
(7, 2, 33),
(7, 89, 7),
(11, 1, 0),
(11, 2, 64),
(11, 89, 9),
(18, 1, 22),
(18, 2, 48),
(18, 89, 5),
(19, 1, 20),
(19, 2, 66),
(19, 89, 7),
(21, 1, 8),
(21, 2, 42),
(21, 89, 7),
(24, 1, 25),
(24, 2, 16),
(24, 89, 10),
(37, 1, 16),
(37, 2, 11),
(37, 89, 12),
(38, 1, 14),
(38, 2, 12),
(38, 89, 29),
(40, 1, 2),
(40, 2, 80),
(40, 89, 12),
(42, 1, 26),
(42, 2, 45),
(42, 89, 25),
(56, 1, 23),
(56, 2, 60),
(56, 89, 21),
(58, 1, 19),
(58, 2, 55),
(58, 89, 25),
(63, 1, 13),
(63, 2, 32),
(63, 89, 6),
(66, 1, 25),
(66, 2, 43),
(66, 89, 15),
(67, 1, 5),
(67, 2, 17),
(67, 89, 2),
(68, 1, 0),
(68, 2, 94),
(68, 89, 26),
(72, 1, 2),
(72, 2, 82),
(72, 89, 19),
(75, 1, 4),
(75, 2, 81),
(75, 89, 19),
(81, 1, 27),
(81, 2, 86),
(81, 89, 17),
(82, 1, 0),
(82, 2, 27),
(82, 89, 17),
(89, 1, 19),
(89, 2, 92),
(89, 89, 17),
(94, 1, 25),
(94, 2, 89),
(94, 89, 21),
(96, 1, 23),
(96, 2, 80),
(96, 89, 19),
(100, 1, 14),
(100, 2, 10),
(100, 89, 12),
(101, 1, 13),
(101, 2, 83),
(101, 89, 13),
(107, 1, 26),
(107, 2, 77),
(107, 89, 0),
(110, 1, 11),
(110, 2, 10),
(110, 89, 2),
(111, 1, 17),
(111, 2, 22),
(111, 89, 24),
(118, 1, 27),
(118, 2, 15),
(118, 89, 10),
(119, 1, 18),
(119, 2, 18),
(119, 89, 6),
(123, 1, 17),
(123, 2, 5),
(123, 89, 8),
(124, 1, 13),
(124, 2, 42),
(124, 89, 21),
(127, 1, 19),
(127, 2, 38),
(127, 89, 8),
(130, 1, 21),
(130, 2, 1),
(130, 89, 29),
(132, 1, 18),
(132, 2, 35),
(132, 89, 12),
(139, 1, 25),
(139, 2, 16),
(139, 89, 26),
(152, 1, 3),
(152, 2, 39),
(152, 89, 3),
(154, 1, 20),
(154, 2, 40),
(154, 89, 10),
(156, 1, 23),
(156, 2, 52),
(156, 89, 0),
(167, 1, 25),
(167, 2, 64),
(167, 89, 18),
(174, 1, 25),
(174, 2, 57),
(174, 89, 1),
(177, 1, 5),
(177, 2, 83),
(177, 89, 21),
(181, 1, 10),
(181, 2, 47),
(181, 89, 11),
(189, 1, 0),
(189, 2, 15),
(189, 89, 20),
(193, 1, 27),
(193, 2, 0),
(193, 89, 19),
(196, 1, 3),
(196, 2, 64),
(196, 89, 21),
(197, 1, 1),
(197, 2, 27),
(197, 89, 24),
(200, 1, 23),
(200, 2, 26),
(200, 89, 6),
(213, 1, 13),
(213, 2, 58),
(213, 89, 16),
(217, 1, 3),
(217, 2, 93),
(217, 89, 28),
(227, 1, 14),
(227, 2, 18),
(227, 89, 17),
(229, 1, 2),
(229, 2, 54),
(229, 89, 27),
(234, 1, 12),
(234, 2, 68),
(234, 89, 17),
(238, 1, 18),
(238, 2, 37),
(238, 89, 24),
(239, 1, 13),
(239, 2, 13),
(239, 89, 7),
(254, 1, 14),
(254, 2, 87),
(254, 89, 7),
(255, 1, 5),
(255, 2, 43),
(255, 89, 16),
(256, 1, 27),
(256, 2, 20),
(256, 89, 16),
(262, 1, 10),
(262, 2, 80),
(262, 89, 27),
(264, 1, 18),
(264, 2, 97),
(264, 89, 6),
(271, 1, 10),
(271, 2, 94),
(271, 89, 12),
(274, 1, 27),
(274, 2, 92),
(274, 89, 23),
(277, 1, 17),
(277, 2, 24),
(277, 89, 13),
(282, 1, 3),
(282, 2, 34),
(282, 89, 15),
(285, 1, 25),
(285, 2, 24),
(285, 89, 29),
(298, 1, 9),
(298, 2, 81),
(298, 89, 24),
(299, 1, 4),
(299, 2, 53),
(299, 89, 9),
(300, 1, 4),
(300, 2, 62),
(300, 89, 4),
(1, 3, 0),
(1, 4, 39),
(2, 3, 6),
(2, 4, 27),
(5, 3, 17),
(5, 4, 9),
(7, 3, 0),
(7, 4, 7),
(12, 3, 12),
(12, 4, 14),
(13, 3, 11),
(13, 4, 29),
(17, 3, 9),
(17, 4, 32),
(21, 3, 7),
(21, 4, 3),
(27, 3, 3),
(27, 4, 5),
(31, 3, 17),
(31, 4, 28),
(33, 3, 9),
(33, 4, 28),
(34, 3, 6),
(34, 4, 24),
(37, 3, 17),
(37, 4, 34),
(47, 3, 8),
(47, 4, 2),
(53, 3, 3),
(53, 4, 19),
(54, 3, 16),
(54, 4, 27),
(58, 3, 11),
(58, 4, 17),
(69, 3, 12),
(69, 4, 6),
(80, 3, 13),
(80, 4, 13),
(82, 3, 4),
(82, 4, 9),
(90, 3, 12),
(90, 4, 17),
(102, 3, 8),
(102, 4, 42),
(104, 3, 8),
(104, 4, 28),
(120, 3, 1),
(120, 4, 24),
(132, 3, 6),
(132, 4, 14),
(134, 3, 10),
(134, 4, 2),
(136, 3, 2),
(136, 4, 27),
(139, 3, 17),
(139, 4, 20),
(145, 3, 12),
(145, 4, 27),
(147, 3, 12),
(147, 4, 26),
(154, 3, 13),
(154, 4, 27),
(159, 3, 10),
(159, 4, 12),
(164, 3, 3),
(164, 4, 15),
(175, 3, 3),
(175, 4, 3),
(186, 3, 13),
(186, 4, 17),
(188, 3, 16),
(188, 4, 23),
(191, 3, 15),
(191, 4, 10),
(194, 3, 15),
(194, 4, 7),
(195, 3, 17),
(195, 4, 12),
(199, 3, 12),
(199, 4, 23),
(200, 3, 16),
(200, 4, 16),
(201, 3, 7),
(201, 4, 15),
(203, 3, 1),
(203, 4, 3),
(205, 3, 17),
(205, 4, 37),
(206, 3, 5),
(206, 4, 5),
(210, 3, 16),
(210, 4, 7),
(211, 3, 5),
(211, 4, 21),
(235, 3, 10),
(235, 4, 6),
(236, 3, 3),
(236, 4, 12),
(238, 3, 12),
(238, 4, 26),
(242, 3, 15),
(242, 4, 17),
(254, 3, 12),
(254, 4, 9),
(256, 3, 15),
(256, 4, 13),
(257, 3, 3),
(257, 4, 30),
(267, 3, 9),
(267, 4, 23),
(268, 3, 4),
(268, 4, 3),
(270, 3, 16),
(270, 4, 20),
(279, 3, 6),
(279, 4, 18),
(280, 3, 16),
(280, 4, 33),
(281, 3, 12),
(281, 4, 16),
(283, 3, 8),
(283, 4, 12),
(285, 3, 2),
(285, 4, 13),
(287, 3, 13),
(287, 4, 30),
(296, 3, 11),
(296, 4, 21),
(6, 17, 2),
(6, 18, 72),
(13, 17, 20),
(13, 18, 47),
(18, 17, 71),
(18, 18, 80),
(22, 17, 71),
(22, 18, 42),
(25, 17, 74),
(25, 18, 50),
(32, 17, 4),
(32, 18, 14),
(33, 17, 11),
(33, 18, 37),
(42, 17, 84),
(42, 18, 17),
(44, 17, 13),
(44, 18, 82),
(47, 17, 38),
(47, 18, 15),
(48, 17, 33),
(48, 18, 4),
(54, 17, 78),
(54, 18, 86),
(55, 17, 33),
(55, 18, 79),
(58, 17, 26),
(58, 18, 70),
(60, 17, 15),
(60, 18, 47),
(61, 17, 36),
(61, 18, 91),
(72, 17, 25),
(72, 18, 34),
(73, 17, 56),
(73, 18, 12),
(78, 17, 33),
(78, 18, 87),
(82, 17, 84),
(82, 18, 35),
(83, 17, 37),
(83, 18, 6),
(92, 17, 66),
(92, 18, 65),
(101, 17, 43),
(101, 18, 49),
(104, 17, 25),
(104, 18, 9),
(110, 17, 80),
(110, 18, 48),
(111, 17, 23),
(111, 18, 75),
(112, 17, 8),
(112, 18, 8),
(113, 17, 49),
(113, 18, 78),
(114, 17, 23),
(114, 18, 72),
(117, 17, 51),
(117, 18, 57),
(118, 17, 69),
(118, 18, 8),
(122, 17, 71),
(122, 18, 57),
(127, 17, 37),
(127, 18, 20),
(128, 17, 17),
(128, 18, 83),
(134, 17, 33),
(134, 18, 94),
(135, 17, 9),
(135, 18, 96),
(141, 17, 74),
(141, 18, 79),
(144, 17, 34),
(144, 18, 69),
(146, 17, 32),
(146, 18, 96),
(152, 17, 2),
(152, 18, 25),
(164, 17, 41),
(164, 18, 16),
(165, 17, 11),
(165, 18, 68),
(166, 17, 88),
(166, 18, 61),
(206, 17, 43),
(206, 18, 22),
(211, 17, 5),
(211, 18, 27),
(222, 17, 0),
(222, 18, 41),
(225, 17, 4),
(225, 18, 42),
(226, 17, 36),
(226, 18, 50),
(232, 17, 13),
(232, 18, 16),
(248, 17, 79),
(248, 18, 50),
(252, 17, 50),
(252, 18, 95),
(253, 17, 77),
(253, 18, 86),
(264, 17, 42),
(264, 18, 68),
(277, 17, 49),
(277, 18, 63),
(278, 17, 23),
(278, 18, 48),
(279, 17, 16),
(279, 18, 52),
(281, 17, 62),
(281, 18, 66),
(287, 17, 55),
(287, 18, 55),
(291, 17, 7),
(291, 18, 1),
(295, 17, 30),
(295, 18, 76),
(296, 17, 76),
(296, 18, 66),
(297, 17, 30),
(297, 18, 58),
(298, 17, 45),
(298, 18, 18),
(299, 17, 72),
(299, 18, 49),
(300, 17, 58),
(300, 18, 15),
(1, 19, 4),
(1, 20, 77),
(12, 19, 14),
(12, 20, 42),
(17, 19, 12),
(17, 20, 96),
(24, 19, 2),
(24, 20, 15),
(27, 19, 14),
(27, 20, 40),
(28, 19, 8),
(28, 20, 64),
(33, 19, 0),
(33, 20, 0),
(38, 19, 6),
(38, 20, 51),
(47, 19, 3),
(47, 20, 12),
(57, 19, 8),
(57, 20, 17),
(62, 19, 13),
(62, 20, 67),
(63, 19, 6),
(63, 20, 75),
(74, 19, 7),
(74, 20, 30),
(76, 19, 9),
(76, 20, 3),
(82, 19, 1),
(82, 20, 37),
(83, 19, 5),
(83, 20, 62),
(84, 19, 9),
(84, 20, 76),
(86, 19, 4),
(86, 20, 41),
(91, 19, 6),
(91, 20, 69),
(94, 19, 3),
(94, 20, 12),
(97, 19, 1),
(97, 20, 77),
(105, 19, 0),
(105, 20, 72),
(109, 19, 12),
(109, 20, 93),
(111, 19, 9),
(111, 20, 43),
(120, 19, 6),
(120, 20, 36),
(122, 19, 9),
(122, 20, 9),
(123, 19, 14),
(123, 20, 32),
(133, 19, 2),
(133, 20, 43),
(135, 19, 0),
(135, 20, 15),
(137, 19, 9),
(137, 20, 54),
(140, 19, 11),
(140, 20, 22),
(141, 19, 8),
(141, 20, 43),
(150, 19, 11),
(150, 20, 86),
(158, 19, 10),
(158, 20, 66),
(159, 19, 7),
(159, 20, 5),
(160, 19, 10),
(160, 20, 0),
(177, 19, 2),
(177, 20, 20),
(180, 19, 7),
(180, 20, 52),
(181, 19, 11),
(181, 20, 0),
(182, 19, 7),
(182, 20, 45),
(184, 19, 9),
(184, 20, 17),
(186, 19, 3),
(186, 20, 2),
(187, 19, 5),
(187, 20, 11),
(188, 19, 14),
(188, 20, 73),
(191, 19, 5),
(191, 20, 13),
(192, 19, 5),
(192, 20, 72),
(193, 19, 12),
(193, 20, 26),
(194, 19, 1),
(194, 20, 71),
(202, 19, 13),
(202, 20, 32),
(203, 19, 14),
(203, 20, 84),
(205, 19, 14),
(205, 20, 11),
(211, 19, 10),
(211, 20, 97),
(218, 19, 13),
(218, 20, 83),
(228, 19, 6),
(228, 20, 71),
(231, 19, 9),
(231, 20, 16),
(236, 19, 4),
(236, 20, 20),
(238, 19, 8),
(238, 20, 88),
(242, 19, 8),
(242, 20, 53),
(250, 19, 6),
(250, 20, 50),
(252, 19, 3),
(252, 20, 68),
(264, 19, 6),
(264, 20, 50),
(269, 19, 7),
(269, 20, 4),
(272, 19, 8),
(272, 20, 69),
(278, 19, 7),
(278, 20, 55),
(8, 25, 33),
(8, 26, 51),
(8, 27, 18),
(8, 28, 50),
(8, 90, 30),
(15, 25, 9),
(15, 26, 27),
(15, 27, 11),
(15, 28, 52),
(15, 90, 25),
(23, 25, 8),
(23, 26, 56),
(23, 27, 18),
(23, 28, 49),
(23, 90, 35),
(27, 25, 29),
(27, 26, 44),
(27, 27, 20),
(27, 28, 5),
(27, 90, 14),
(30, 25, 34),
(30, 26, 7),
(30, 27, 37),
(30, 28, 29),
(30, 90, 33),
(43, 25, 10),
(43, 26, 88),
(43, 27, 42),
(43, 28, 17),
(43, 90, 2),
(44, 25, 9),
(44, 26, 32),
(44, 27, 13),
(44, 28, 46),
(44, 90, 31),
(52, 25, 15),
(52, 26, 54),
(52, 27, 1),
(52, 28, 25),
(52, 90, 19),
(54, 25, 3),
(54, 26, 29),
(54, 27, 6),
(54, 28, 22),
(54, 90, 24),
(57, 25, 5),
(57, 26, 42),
(57, 27, 41),
(57, 28, 22),
(57, 90, 36),
(62, 25, 10),
(62, 26, 74),
(62, 27, 12),
(62, 28, 37),
(62, 90, 40),
(66, 25, 5),
(66, 26, 85),
(66, 27, 24),
(66, 28, 46),
(66, 90, 0),
(67, 25, 12),
(67, 26, 86),
(67, 27, 5),
(67, 28, 25),
(67, 90, 3),
(68, 25, 23),
(68, 26, 65),
(68, 27, 29),
(68, 28, 15),
(68, 90, 19),
(71, 25, 3),
(71, 26, 55),
(71, 27, 22),
(71, 28, 28),
(71, 90, 35),
(74, 25, 17),
(74, 26, 54),
(74, 27, 43),
(74, 28, 15),
(74, 90, 39),
(79, 25, 21),
(79, 26, 34),
(79, 27, 45),
(79, 28, 5),
(79, 90, 12),
(81, 25, 10),
(81, 26, 58),
(81, 27, 3),
(81, 28, 23),
(81, 90, 0),
(82, 25, 32),
(82, 26, 68),
(82, 27, 28),
(82, 28, 17),
(82, 90, 19),
(93, 25, 9),
(93, 26, 18),
(93, 27, 12),
(93, 28, 17),
(93, 90, 10),
(96, 25, 5),
(96, 26, 16),
(96, 27, 31),
(96, 28, 18),
(96, 90, 34),
(99, 25, 22),
(99, 26, 18),
(99, 27, 6),
(99, 28, 9),
(99, 90, 15),
(111, 25, 27),
(111, 26, 50),
(111, 27, 2),
(111, 28, 9),
(111, 90, 34),
(113, 25, 37),
(113, 26, 31),
(113, 27, 21),
(113, 28, 18),
(113, 90, 34),
(120, 25, 21),
(120, 26, 37),
(120, 27, 21),
(120, 28, 22),
(120, 90, 49),
(121, 25, 5),
(121, 26, 28),
(121, 27, 24),
(121, 28, 38),
(121, 90, 26),
(122, 25, 26),
(122, 26, 37),
(122, 27, 10),
(122, 28, 13),
(122, 90, 0),
(123, 25, 17),
(123, 26, 3),
(123, 27, 24),
(123, 28, 15),
(123, 90, 42),
(125, 25, 20),
(125, 26, 6),
(125, 27, 22),
(125, 28, 9),
(125, 90, 46),
(126, 25, 34),
(126, 26, 53),
(126, 27, 46),
(126, 28, 17),
(126, 90, 32),
(128, 25, 36),
(128, 26, 21),
(128, 27, 2),
(128, 28, 46),
(128, 90, 49),
(136, 25, 4),
(136, 26, 75),
(136, 27, 18),
(136, 28, 37),
(136, 90, 1),
(139, 25, 17),
(139, 26, 18),
(139, 27, 43),
(139, 28, 49),
(139, 90, 40),
(140, 25, 33),
(140, 26, 85),
(140, 27, 11),
(140, 28, 34),
(140, 90, 12),
(144, 25, 33),
(144, 26, 15),
(144, 27, 44),
(144, 28, 52),
(144, 90, 35),
(145, 25, 32),
(145, 26, 7),
(145, 27, 39),
(145, 28, 10),
(145, 90, 7),
(148, 25, 8),
(148, 26, 91),
(148, 27, 45),
(148, 28, 3),
(148, 90, 24),
(149, 25, 28),
(149, 26, 35),
(149, 27, 43),
(149, 28, 9),
(149, 90, 18),
(150, 25, 26),
(150, 26, 22),
(150, 27, 33),
(150, 28, 41),
(150, 90, 7),
(162, 25, 33),
(162, 26, 31),
(162, 27, 5),
(162, 28, 48),
(162, 90, 38),
(176, 25, 12),
(176, 26, 24),
(176, 27, 20),
(176, 28, 49),
(176, 90, 8),
(177, 25, 12),
(177, 26, 80),
(177, 27, 32),
(177, 28, 35),
(177, 90, 42),
(182, 25, 13),
(182, 26, 66),
(182, 27, 47),
(182, 28, 10),
(182, 90, 37),
(196, 25, 21),
(196, 26, 12),
(196, 27, 24),
(196, 28, 38),
(196, 90, 18),
(203, 25, 4),
(203, 26, 0),
(203, 27, 12),
(203, 28, 46),
(203, 90, 0),
(208, 25, 28),
(208, 26, 83),
(208, 27, 12),
(208, 28, 17),
(208, 90, 34),
(211, 25, 2),
(211, 26, 10),
(211, 27, 22),
(211, 28, 20),
(211, 90, 19),
(221, 25, 5),
(221, 26, 81),
(221, 27, 11),
(221, 28, 49),
(221, 90, 36),
(225, 25, 10),
(225, 26, 89),
(225, 27, 26),
(225, 28, 5),
(225, 90, 6),
(234, 25, 36),
(234, 26, 24),
(234, 27, 1),
(234, 28, 41),
(234, 90, 26),
(236, 25, 31),
(236, 26, 74),
(236, 27, 3),
(236, 28, 8),
(236, 90, 49),
(239, 25, 1),
(239, 26, 39),
(239, 27, 5),
(239, 28, 4),
(239, 90, 38),
(241, 25, 29),
(241, 26, 3),
(241, 27, 29),
(241, 28, 15),
(241, 90, 44),
(252, 25, 14),
(252, 26, 13),
(252, 27, 46),
(252, 28, 45),
(252, 90, 19),
(271, 25, 1),
(271, 26, 10),
(271, 27, 24),
(271, 28, 34),
(271, 90, 23),
(273, 25, 3),
(273, 26, 29),
(273, 27, 45),
(273, 28, 4),
(273, 90, 39),
(278, 25, 7),
(278, 26, 44),
(278, 27, 7),
(278, 28, 36),
(278, 90, 2),
(280, 25, 1),
(280, 26, 3),
(280, 27, 17),
(280, 28, 18),
(280, 90, 23),
(283, 25, 29),
(283, 26, 74),
(283, 27, 26),
(283, 28, 23),
(283, 90, 5),
(284, 25, 3),
(284, 26, 63),
(284, 27, 15),
(284, 28, 25),
(284, 90, 6),
(286, 25, 22),
(286, 26, 74),
(286, 27, 8),
(286, 28, 4),
(286, 90, 41),
(289, 25, 26),
(289, 26, 58),
(289, 27, 20),
(289, 28, 27),
(289, 90, 31),
(297, 25, 34),
(297, 26, 80),
(297, 27, 47),
(297, 28, 49),
(297, 90, 32),
(299, 25, 29),
(299, 26, 67),
(299, 27, 16),
(299, 28, 30),
(299, 90, 49),
(300, 25, 28),
(300, 26, 18),
(300, 27, 34),
(300, 28, 49),
(300, 90, 15),
(12, 29, 15),
(12, 30, 21),
(12, 31, 79),
(12, 32, 79),
(12, 84, 74),
(12, 85, 3),
(12, 86, 54),
(17, 29, 45),
(17, 30, 34),
(17, 31, 27),
(17, 32, 1),
(17, 84, 86),
(17, 85, 3),
(17, 86, 54),
(23, 29, 0),
(23, 30, 47),
(23, 31, 11),
(23, 32, 58),
(23, 84, 30),
(23, 85, 2),
(23, 86, 89),
(28, 29, 10),
(28, 30, 1),
(28, 31, 80),
(28, 32, 59),
(28, 84, 73),
(28, 85, 0),
(28, 86, 68),
(30, 29, 27),
(30, 30, 78),
(30, 31, 60),
(30, 32, 29),
(30, 84, 20),
(30, 85, 6),
(30, 86, 65),
(36, 29, 23),
(36, 30, 64),
(36, 31, 68),
(36, 32, 35),
(36, 84, 81),
(36, 85, 3),
(36, 86, 11),
(38, 29, 5),
(38, 30, 61),
(38, 31, 87),
(38, 32, 48),
(38, 84, 5),
(38, 85, 3),
(38, 86, 66),
(40, 29, 36),
(40, 30, 72),
(40, 31, 3),
(40, 32, 24),
(40, 84, 58),
(40, 85, 5),
(40, 86, 50),
(44, 29, 15),
(44, 30, 53),
(44, 31, 25),
(44, 32, 29),
(44, 84, 50),
(44, 85, 6),
(44, 86, 78),
(48, 29, 27),
(48, 30, 42),
(48, 31, 55),
(48, 32, 20),
(48, 84, 29),
(48, 85, 4),
(48, 86, 1),
(49, 29, 46),
(49, 30, 71),
(49, 31, 24),
(49, 32, 13),
(49, 84, 70),
(49, 85, 1),
(49, 86, 77),
(51, 29, 10),
(51, 30, 30),
(51, 31, 5),
(51, 32, 15),
(51, 84, 93),
(51, 85, 3),
(51, 86, 57),
(52, 29, 32),
(52, 30, 35),
(52, 31, 80),
(52, 32, 51),
(52, 84, 93),
(52, 85, 1),
(52, 86, 89),
(53, 29, 48),
(53, 30, 62),
(53, 31, 67),
(53, 32, 55),
(53, 84, 98),
(53, 85, 3),
(53, 86, 76),
(62, 29, 5),
(62, 30, 31),
(62, 31, 74),
(62, 32, 50),
(62, 84, 29),
(62, 85, 2),
(62, 86, 52),
(63, 29, 19),
(63, 30, 0),
(63, 31, 85),
(63, 32, 49),
(63, 84, 79),
(63, 85, 3),
(63, 86, 71),
(64, 29, 43),
(64, 30, 77),
(64, 31, 7),
(64, 32, 15),
(64, 84, 20),
(64, 85, 9),
(64, 86, 98),
(69, 29, 41),
(69, 30, 45),
(69, 31, 63),
(69, 32, 40),
(69, 84, 38),
(69, 85, 6),
(69, 86, 21),
(88, 29, 25),
(88, 30, 8),
(88, 31, 2),
(88, 32, 72),
(88, 84, 52),
(88, 85, 4),
(88, 86, 15),
(91, 29, 9),
(91, 30, 80),
(91, 31, 55),
(91, 32, 43),
(91, 84, 59),
(91, 85, 7),
(91, 86, 52),
(99, 29, 0),
(99, 30, 77),
(99, 31, 59),
(99, 32, 24),
(99, 84, 65),
(99, 85, 5),
(99, 86, 71),
(103, 29, 25),
(103, 30, 19),
(103, 31, 40),
(103, 32, 7),
(103, 84, 23),
(103, 85, 4),
(103, 86, 61),
(110, 29, 21),
(110, 30, 47),
(110, 31, 26),
(110, 32, 78),
(110, 84, 34),
(110, 85, 5),
(110, 86, 17),
(114, 29, 23),
(114, 30, 34),
(114, 31, 67),
(114, 32, 64),
(114, 84, 57),
(114, 85, 10),
(114, 86, 75),
(117, 29, 7),
(117, 30, 46),
(117, 31, 25),
(117, 32, 58),
(117, 84, 4),
(117, 85, 3),
(117, 86, 57),
(120, 29, 48),
(120, 30, 34),
(120, 31, 23),
(120, 32, 26),
(120, 84, 24),
(120, 85, 4),
(120, 86, 94),
(127, 29, 10),
(127, 30, 86),
(127, 31, 7),
(127, 32, 62),
(127, 84, 36),
(127, 85, 8),
(127, 86, 4),
(130, 29, 42),
(130, 30, 7),
(130, 31, 83),
(130, 32, 30),
(130, 84, 27),
(130, 85, 7),
(130, 86, 73),
(132, 29, 49),
(132, 30, 31),
(132, 31, 14),
(132, 32, 60),
(132, 84, 7),
(132, 85, 6),
(132, 86, 97),
(133, 29, 36),
(133, 30, 40),
(133, 31, 84),
(133, 32, 22),
(133, 84, 85),
(133, 85, 3),
(133, 86, 63),
(134, 29, 3),
(134, 30, 7),
(134, 31, 90),
(134, 32, 16),
(134, 84, 65),
(134, 85, 7),
(134, 86, 24),
(135, 29, 49),
(135, 30, 84),
(135, 31, 17),
(135, 32, 52),
(135, 84, 34),
(135, 85, 1),
(135, 86, 4),
(137, 29, 4),
(137, 30, 27),
(137, 31, 23),
(137, 32, 1),
(137, 84, 32),
(137, 85, 6),
(137, 86, 32),
(148, 29, 33),
(148, 30, 23),
(148, 31, 89),
(148, 32, 2),
(148, 84, 89),
(148, 85, 10),
(148, 86, 76),
(150, 29, 25),
(150, 30, 13),
(150, 31, 86),
(150, 32, 3),
(150, 84, 75),
(150, 85, 10),
(150, 86, 22),
(154, 29, 36),
(154, 30, 44),
(154, 31, 51),
(154, 32, 1),
(154, 84, 69),
(154, 85, 8),
(154, 86, 52),
(163, 29, 14),
(163, 30, 33),
(163, 31, 72),
(163, 32, 49),
(163, 84, 31),
(163, 85, 9),
(163, 86, 17),
(164, 29, 20),
(164, 30, 51),
(164, 31, 15),
(164, 32, 35),
(164, 84, 20),
(164, 85, 0),
(164, 86, 83),
(166, 29, 22),
(166, 30, 2),
(166, 31, 10),
(166, 32, 16),
(166, 84, 56),
(166, 85, 9),
(166, 86, 45),
(167, 29, 18),
(167, 30, 17),
(167, 31, 2),
(167, 32, 54),
(167, 84, 2),
(167, 85, 4),
(167, 86, 73),
(169, 29, 31),
(169, 30, 10),
(169, 31, 88),
(169, 32, 55),
(169, 84, 12),
(169, 85, 3),
(169, 86, 90),
(186, 29, 49),
(186, 30, 72),
(186, 31, 24),
(186, 32, 71),
(186, 84, 88),
(186, 85, 3),
(186, 86, 79),
(187, 29, 9),
(187, 30, 78),
(187, 31, 58),
(187, 32, 35),
(187, 84, 84),
(187, 85, 10),
(187, 86, 20),
(196, 29, 39),
(196, 30, 76),
(196, 31, 83),
(196, 32, 72),
(196, 84, 13),
(196, 85, 6),
(196, 86, 42),
(200, 29, 37),
(200, 30, 16),
(200, 31, 28),
(200, 32, 34),
(200, 84, 18),
(200, 85, 6),
(200, 86, 45),
(205, 29, 33),
(205, 30, 42),
(205, 31, 78),
(205, 32, 34),
(205, 84, 28),
(205, 85, 3),
(205, 86, 54),
(206, 29, 33),
(206, 30, 57),
(206, 31, 27),
(206, 32, 25),
(206, 84, 20),
(206, 85, 4),
(206, 86, 88),
(209, 29, 20),
(209, 30, 58),
(209, 31, 22),
(209, 32, 32),
(209, 84, 0),
(209, 85, 10),
(209, 86, 51),
(215, 29, 22),
(215, 30, 64),
(215, 31, 66),
(215, 32, 76),
(215, 84, 78),
(215, 85, 10),
(215, 86, 76),
(225, 29, 22),
(225, 30, 69),
(225, 31, 54),
(225, 32, 24),
(225, 84, 68),
(225, 85, 6),
(225, 86, 58),
(227, 29, 43),
(227, 30, 24),
(227, 31, 13),
(227, 32, 12),
(227, 84, 79),
(227, 85, 7),
(227, 86, 86),
(230, 29, 47),
(230, 30, 83),
(230, 31, 55),
(230, 32, 44),
(230, 84, 80),
(230, 85, 6),
(230, 86, 60),
(247, 29, 17),
(247, 30, 9),
(247, 31, 3),
(247, 32, 72),
(247, 84, 95),
(247, 85, 4),
(247, 86, 67),
(250, 29, 0),
(250, 30, 55),
(250, 31, 6),
(250, 32, 25),
(250, 84, 97),
(250, 85, 7),
(250, 86, 32),
(255, 29, 11),
(255, 30, 72),
(255, 31, 84),
(255, 32, 65),
(255, 84, 87),
(255, 85, 9),
(255, 86, 35),
(256, 29, 41),
(256, 30, 12),
(256, 31, 39),
(256, 32, 73),
(256, 84, 0),
(256, 85, 6),
(256, 86, 5),
(257, 29, 17),
(257, 30, 51),
(257, 31, 53),
(257, 32, 52),
(257, 84, 47),
(257, 85, 1),
(257, 86, 76),
(258, 29, 26),
(258, 30, 65),
(258, 31, 64),
(258, 32, 4),
(258, 84, 61),
(258, 85, 8),
(258, 86, 41),
(259, 29, 44),
(259, 30, 89),
(259, 31, 77),
(259, 32, 23),
(259, 84, 10),
(259, 85, 4),
(259, 86, 78),
(260, 29, 27),
(260, 30, 83),
(260, 31, 85),
(260, 32, 10),
(260, 84, 16),
(260, 85, 9),
(260, 86, 67),
(270, 29, 2),
(270, 30, 40),
(270, 31, 28),
(270, 32, 15),
(270, 84, 55),
(270, 85, 4),
(270, 86, 50),
(272, 29, 37),
(272, 30, 45),
(272, 31, 81),
(272, 32, 11),
(272, 84, 24),
(272, 85, 0),
(272, 86, 90),
(273, 29, 7),
(273, 30, 54),
(273, 31, 56),
(273, 32, 22),
(273, 84, 13),
(273, 85, 7),
(273, 86, 25),
(279, 29, 35),
(279, 30, 20),
(279, 31, 34),
(279, 32, 44),
(279, 84, 46),
(279, 85, 1),
(279, 86, 39),
(280, 29, 17),
(280, 30, 16),
(280, 31, 39),
(280, 32, 55),
(280, 84, 50),
(280, 85, 6),
(280, 86, 14),
(287, 29, 1),
(287, 30, 81),
(287, 31, 8),
(287, 32, 61),
(287, 84, 2),
(287, 85, 2),
(287, 86, 11),
(290, 29, 38),
(290, 30, 57),
(290, 31, 89),
(290, 32, 56),
(290, 84, 60),
(290, 85, 10),
(290, 86, 39),
(298, 29, 42),
(298, 30, 3),
(298, 31, 35),
(298, 32, 30),
(298, 84, 20),
(298, 85, 2),
(298, 86, 68),
(300, 29, 31),
(300, 30, 33),
(300, 31, 10),
(300, 32, 9),
(300, 84, 60),
(300, 85, 4),
(300, 86, 35),
(3, 5, 46),
(3, 6, 14),
(3, 7, 55),
(8, 5, 4),
(8, 6, 7),
(8, 7, 45),
(10, 5, 34),
(10, 6, 5),
(10, 7, 3),
(20, 5, 4),
(20, 6, 7),
(20, 7, 61),
(31, 5, 20),
(31, 6, 27),
(31, 7, 41),
(35, 5, 43),
(35, 6, 22),
(35, 7, 11),
(38, 5, 31),
(38, 6, 10),
(38, 7, 29),
(40, 5, 12),
(40, 6, 22),
(40, 7, 55),
(46, 5, 0),
(46, 6, 16),
(46, 7, 62),
(47, 5, 21),
(47, 6, 13),
(47, 7, 28),
(51, 5, 1),
(51, 6, 30),
(51, 7, 27),
(52, 5, 43),
(52, 6, 20),
(52, 7, 51),
(56, 5, 32),
(56, 6, 29),
(56, 7, 22),
(68, 5, 17),
(68, 6, 0),
(68, 7, 52),
(73, 5, 38),
(73, 6, 5),
(73, 7, 59),
(77, 5, 44),
(77, 6, 4),
(77, 7, 43),
(82, 5, 28),
(82, 6, 10),
(82, 7, 25),
(85, 5, 14),
(85, 6, 9),
(85, 7, 3),
(87, 5, 40),
(87, 6, 25),
(87, 7, 35),
(88, 5, 28),
(88, 6, 24),
(88, 7, 12),
(93, 5, 25),
(93, 6, 20),
(93, 7, 29),
(100, 5, 20),
(100, 6, 1),
(100, 7, 26),
(101, 5, 5),
(101, 6, 8),
(101, 7, 12),
(103, 5, 23),
(103, 6, 1),
(103, 7, 36),
(106, 5, 26),
(106, 6, 18),
(106, 7, 25),
(113, 5, 44),
(113, 6, 30),
(113, 7, 3),
(118, 5, 6),
(118, 6, 19),
(118, 7, 47),
(120, 5, 4),
(120, 6, 20),
(120, 7, 20),
(128, 5, 6),
(128, 6, 21),
(128, 7, 60),
(130, 5, 0),
(130, 6, 18),
(130, 7, 0),
(134, 5, 11),
(134, 6, 27),
(134, 7, 51),
(138, 5, 43),
(138, 6, 8),
(138, 7, 13),
(141, 5, 46),
(141, 6, 5),
(141, 7, 39),
(148, 5, 33),
(148, 6, 27),
(148, 7, 55),
(156, 5, 39),
(156, 6, 1),
(156, 7, 36),
(163, 5, 29),
(163, 6, 30),
(163, 7, 58),
(164, 5, 42),
(164, 6, 4),
(164, 7, 26),
(166, 5, 27),
(166, 6, 25),
(166, 7, 1),
(174, 5, 23),
(174, 6, 0),
(174, 7, 64),
(175, 5, 12),
(175, 6, 24),
(175, 7, 22),
(176, 5, 38),
(176, 6, 23),
(176, 7, 3),
(180, 5, 0),
(180, 6, 4),
(180, 7, 18),
(181, 5, 11),
(181, 6, 30),
(181, 7, 1),
(183, 5, 11),
(183, 6, 7),
(183, 7, 7),
(189, 5, 47),
(189, 6, 9),
(189, 7, 36),
(191, 5, 13),
(191, 6, 6),
(191, 7, 33),
(199, 5, 16),
(199, 6, 16),
(199, 7, 46),
(206, 5, 32),
(206, 6, 13),
(206, 7, 57),
(217, 5, 40),
(217, 6, 17),
(217, 7, 40),
(224, 5, 2),
(224, 6, 4),
(224, 7, 60),
(225, 5, 23),
(225, 6, 1),
(225, 7, 57),
(226, 5, 34),
(226, 6, 12),
(226, 7, 49),
(232, 5, 28),
(232, 6, 8),
(232, 7, 1),
(235, 5, 7),
(235, 6, 19),
(235, 7, 35),
(236, 5, 44),
(236, 6, 5),
(236, 7, 4),
(238, 5, 18),
(238, 6, 28),
(238, 7, 39),
(261, 5, 4),
(261, 6, 11),
(261, 7, 30),
(269, 5, 16),
(269, 6, 15),
(269, 7, 21),
(281, 5, 25),
(281, 6, 29),
(281, 7, 10),
(283, 5, 34),
(283, 6, 18),
(283, 7, 64),
(284, 5, 44),
(284, 6, 14),
(284, 7, 18),
(287, 5, 35),
(287, 6, 20),
(287, 7, 35),
(291, 5, 31),
(291, 6, 12),
(291, 7, 2),
(293, 5, 4),
(293, 6, 2),
(293, 7, 58),
(297, 5, 35),
(297, 6, 25),
(297, 7, 8),
(298, 5, 42),
(298, 6, 12),
(298, 7, 13),
(1, 8, 10),
(1, 9, 40),
(8, 8, 22),
(8, 9, 54),
(10, 8, 0),
(10, 9, 44),
(17, 8, 31),
(17, 9, 60),
(18, 8, 21),
(18, 9, 45),
(22, 8, 11),
(22, 9, 53),
(24, 8, 38),
(24, 9, 66),
(26, 8, 38),
(26, 9, 26),
(33, 8, 11),
(33, 9, 21),
(35, 8, 7),
(35, 9, 53),
(51, 8, 24),
(51, 9, 44),
(53, 8, 39),
(53, 9, 15),
(56, 8, 11),
(56, 9, 37),
(62, 8, 14),
(62, 9, 38),
(64, 8, 33),
(64, 9, 18),
(65, 8, 35),
(65, 9, 66),
(79, 8, 39),
(79, 9, 67),
(86, 8, 15),
(86, 9, 39),
(92, 8, 36),
(92, 9, 52),
(94, 8, 34),
(94, 9, 47),
(95, 8, 3),
(95, 9, 22),
(102, 8, 39),
(102, 9, 9),
(103, 8, 28),
(103, 9, 19),
(115, 8, 14),
(115, 9, 30),
(121, 8, 43),
(121, 9, 48),
(123, 8, 33),
(123, 9, 7),
(140, 8, 30),
(140, 9, 16),
(143, 8, 6),
(143, 9, 27),
(145, 8, 9),
(145, 9, 38),
(149, 8, 47),
(149, 9, 3),
(154, 8, 21),
(154, 9, 1),
(165, 8, 42),
(165, 9, 47),
(166, 8, 35),
(166, 9, 60),
(171, 8, 47),
(171, 9, 23),
(182, 8, 20),
(182, 9, 40),
(187, 8, 11),
(187, 9, 7),
(191, 8, 31),
(191, 9, 55),
(193, 8, 31),
(193, 9, 21),
(197, 8, 48),
(197, 9, 23),
(201, 8, 25),
(201, 9, 7),
(214, 8, 34),
(214, 9, 3),
(223, 8, 24),
(223, 9, 26),
(226, 8, 15),
(226, 9, 3),
(233, 8, 47),
(233, 9, 43),
(236, 8, 26),
(236, 9, 43),
(238, 8, 15),
(238, 9, 27),
(246, 8, 48),
(246, 9, 18),
(250, 8, 0),
(250, 9, 49),
(253, 8, 13),
(253, 9, 58),
(255, 8, 24),
(255, 9, 9),
(257, 8, 48),
(257, 9, 3),
(258, 8, 40),
(258, 9, 21),
(259, 8, 43),
(259, 9, 43),
(260, 8, 13),
(260, 9, 20),
(263, 8, 13),
(263, 9, 38),
(273, 8, 4),
(273, 9, 61),
(276, 8, 17),
(276, 9, 32),
(278, 8, 41),
(278, 9, 39),
(282, 8, 29),
(282, 9, 27),
(285, 8, 0),
(285, 9, 45),
(292, 8, 7),
(292, 9, 65),
(293, 8, 3),
(293, 9, 32),
(17, 10, 45),
(17, 11, 26),
(23, 10, 6),
(23, 11, 3),
(26, 10, 0),
(26, 11, 24),
(28, 10, 20),
(28, 11, 12),
(30, 10, 29),
(30, 11, 0),
(45, 10, 44),
(45, 11, 26),
(50, 10, 7),
(50, 11, 1),
(55, 10, 58),
(55, 11, 20),
(73, 10, 57),
(73, 11, 9),
(78, 10, 63),
(78, 11, 23),
(102, 10, 33),
(102, 11, 23),
(115, 10, 32),
(115, 11, 18),
(118, 10, 66),
(118, 11, 1),
(124, 10, 26),
(124, 11, 24),
(126, 10, 30),
(126, 11, 19),
(127, 10, 1),
(127, 11, 17),
(133, 10, 52),
(133, 11, 27),
(134, 10, 11),
(134, 11, 27),
(136, 10, 55),
(136, 11, 14),
(142, 10, 21),
(142, 11, 5),
(144, 10, 19),
(144, 11, 21),
(147, 10, 5),
(147, 11, 8),
(148, 10, 28),
(148, 11, 2),
(149, 10, 35),
(149, 11, 11),
(153, 10, 71),
(153, 11, 1),
(157, 10, 74),
(157, 11, 0),
(160, 10, 57),
(160, 11, 6),
(163, 10, 29),
(163, 11, 5),
(168, 10, 30),
(168, 11, 1),
(169, 10, 37),
(169, 11, 10),
(172, 10, 18),
(172, 11, 6),
(175, 10, 22),
(175, 11, 3),
(179, 10, 69),
(179, 11, 1),
(180, 10, 3),
(180, 11, 8),
(188, 10, 40),
(188, 11, 14),
(193, 10, 44),
(193, 11, 4),
(194, 10, 62),
(194, 11, 24),
(200, 10, 61),
(200, 11, 10),
(201, 10, 57),
(201, 11, 11),
(203, 10, 23),
(203, 11, 11),
(204, 10, 63),
(204, 11, 7),
(217, 10, 2),
(217, 11, 10),
(219, 10, 48),
(219, 11, 18),
(222, 10, 18),
(222, 11, 25),
(223, 10, 64),
(223, 11, 2),
(231, 10, 20),
(231, 11, 23),
(236, 10, 37),
(236, 11, 27),
(241, 10, 56),
(241, 11, 16),
(246, 10, 46),
(246, 11, 23),
(248, 10, 36),
(248, 11, 25),
(251, 10, 57),
(251, 11, 18),
(257, 10, 52),
(257, 11, 16),
(258, 10, 20),
(258, 11, 18),
(259, 10, 70),
(259, 11, 6),
(260, 10, 40),
(260, 11, 10),
(262, 10, 6),
(262, 11, 2),
(266, 10, 55),
(266, 11, 2),
(279, 10, 61),
(279, 11, 12),
(280, 10, 50),
(280, 11, 1),
(290, 10, 7),
(290, 11, 16),
(296, 10, 62),
(296, 11, 17),
(299, 10, 6),
(299, 11, 3),
(300, 10, 34),
(300, 11, 2),
(2, 12, 36),
(2, 13, 20),
(2, 14, 11),
(9, 12, 11),
(9, 13, 60),
(9, 14, 8),
(15, 12, 14),
(15, 13, 64),
(15, 14, 16),
(19, 12, 28),
(19, 13, 27),
(19, 14, 5),
(20, 12, 20),
(20, 13, 32),
(20, 14, 15),
(31, 12, 15),
(31, 13, 6),
(31, 14, 8),
(35, 12, 34),
(35, 13, 13),
(35, 14, 8),
(37, 12, 0),
(37, 13, 71),
(37, 14, 0),
(38, 12, 20),
(38, 13, 14),
(38, 14, 9),
(44, 12, 30),
(44, 13, 67),
(44, 14, 6),
(49, 12, 8),
(49, 13, 48),
(49, 14, 14),
(51, 12, 13),
(51, 13, 41),
(51, 14, 14),
(58, 12, 36),
(58, 13, 44),
(58, 14, 9),
(65, 12, 21),
(65, 13, 53),
(65, 14, 14),
(67, 12, 15),
(67, 13, 52),
(67, 14, 16),
(74, 12, 5),
(74, 13, 21),
(74, 14, 13),
(76, 12, 33),
(76, 13, 24),
(76, 14, 15),
(80, 12, 24),
(80, 13, 46),
(80, 14, 11),
(86, 12, 1),
(86, 13, 0),
(86, 14, 1),
(96, 12, 23),
(96, 13, 43),
(96, 14, 14),
(98, 12, 1),
(98, 13, 37),
(98, 14, 12),
(99, 12, 11),
(99, 13, 9),
(99, 14, 15),
(100, 12, 16),
(100, 13, 26),
(100, 14, 12),
(108, 12, 12),
(108, 13, 43),
(108, 14, 13),
(114, 12, 39),
(114, 13, 31),
(114, 14, 10),
(129, 12, 32),
(129, 13, 68),
(129, 14, 1),
(131, 12, 7),
(131, 13, 2),
(131, 14, 12),
(133, 12, 7),
(133, 13, 16),
(133, 14, 12),
(138, 12, 6),
(138, 13, 60),
(138, 14, 9),
(143, 12, 38),
(143, 13, 47),
(143, 14, 2),
(146, 12, 13),
(146, 13, 80),
(146, 14, 3),
(152, 12, 16),
(152, 13, 10),
(152, 14, 5),
(160, 12, 2),
(160, 13, 68),
(160, 14, 8),
(162, 12, 8),
(162, 13, 65),
(162, 14, 4),
(168, 12, 11),
(168, 13, 58),
(168, 14, 15),
(170, 12, 13),
(170, 13, 76),
(170, 14, 0),
(173, 12, 29),
(173, 13, 14),
(173, 14, 1),
(184, 12, 11),
(184, 13, 43),
(184, 14, 13),
(194, 12, 19),
(194, 13, 39),
(194, 14, 3),
(196, 12, 14),
(196, 13, 14),
(196, 14, 0),
(199, 12, 25),
(199, 13, 2),
(199, 14, 14),
(208, 12, 39),
(208, 13, 69),
(208, 14, 13),
(211, 12, 10),
(211, 13, 69),
(211, 14, 3),
(215, 12, 38),
(215, 13, 28),
(215, 14, 6),
(218, 12, 36),
(218, 13, 79),
(218, 14, 16),
(220, 12, 24),
(220, 13, 26),
(220, 14, 10),
(230, 12, 18),
(230, 13, 9),
(230, 14, 6),
(233, 12, 1),
(233, 13, 14),
(233, 14, 3),
(243, 12, 28),
(243, 13, 61),
(243, 14, 11),
(244, 12, 27),
(244, 13, 78),
(244, 14, 5),
(248, 12, 40),
(248, 13, 63),
(248, 14, 3),
(254, 12, 16),
(254, 13, 43),
(254, 14, 0),
(274, 12, 27),
(274, 13, 73),
(274, 14, 4),
(279, 12, 37),
(279, 13, 14),
(279, 14, 14),
(287, 12, 33),
(287, 13, 9),
(287, 14, 2),
(5, 15, 7),
(5, 16, 6),
(7, 15, 31),
(7, 16, 28),
(11, 15, 8),
(11, 16, 14),
(14, 15, 6),
(14, 16, 19),
(15, 15, 7),
(15, 16, 8),
(22, 15, 26),
(22, 16, 15),
(27, 15, 24),
(27, 16, 12),
(28, 15, 24),
(28, 16, 20),
(38, 15, 28),
(38, 16, 23),
(40, 15, 37),
(40, 16, 18),
(41, 15, 15),
(41, 16, 11),
(47, 15, 25),
(47, 16, 10),
(53, 15, 15),
(53, 16, 12),
(58, 15, 14),
(58, 16, 22),
(59, 15, 0),
(59, 16, 14),
(67, 15, 14),
(67, 16, 24),
(71, 15, 25),
(71, 16, 22),
(73, 15, 38),
(73, 16, 19),
(75, 15, 19),
(75, 16, 5),
(82, 15, 0),
(82, 16, 9),
(85, 15, 14),
(85, 16, 11),
(88, 15, 17),
(88, 16, 27),
(96, 15, 34),
(96, 16, 18),
(97, 15, 31),
(97, 16, 5),
(103, 15, 3),
(103, 16, 2),
(116, 15, 36),
(116, 16, 22),
(128, 15, 33),
(128, 16, 18),
(132, 15, 13),
(132, 16, 19),
(133, 15, 2),
(133, 16, 20),
(152, 15, 16),
(152, 16, 14),
(155, 15, 21),
(155, 16, 6),
(160, 15, 26),
(160, 16, 14),
(161, 15, 27),
(161, 16, 22),
(163, 15, 11),
(163, 16, 18),
(164, 15, 23),
(164, 16, 7),
(169, 15, 20),
(169, 16, 24),
(172, 15, 13),
(172, 16, 18),
(175, 15, 32),
(175, 16, 16),
(177, 15, 34),
(177, 16, 7),
(179, 15, 10),
(179, 16, 6),
(181, 15, 12),
(181, 16, 2),
(182, 15, 19),
(182, 16, 6),
(183, 15, 28),
(183, 16, 6),
(188, 15, 33),
(188, 16, 4),
(189, 15, 27),
(189, 16, 21),
(195, 15, 28),
(195, 16, 20),
(199, 15, 17),
(199, 16, 4),
(203, 15, 38),
(203, 16, 28),
(206, 15, 30),
(206, 16, 11),
(209, 15, 22),
(209, 16, 5),
(210, 15, 34),
(210, 16, 15),
(215, 15, 10),
(215, 16, 14),
(224, 15, 5),
(224, 16, 18),
(232, 15, 36),
(232, 16, 11),
(241, 15, 26),
(241, 16, 3),
(244, 15, 7),
(244, 16, 17),
(253, 15, 31),
(253, 16, 20),
(256, 15, 0),
(256, 16, 13),
(257, 15, 4),
(257, 16, 16),
(263, 15, 13),
(263, 16, 17),
(264, 15, 14),
(264, 16, 0),
(271, 15, 24),
(271, 16, 12),
(272, 15, 38),
(272, 16, 24),
(274, 15, 27),
(274, 16, 22),
(287, 15, 23),
(287, 16, 7),
(288, 15, 9),
(288, 16, 15),
(293, 15, 13),
(293, 16, 0),
(6, 21, 59),
(6, 22, 51),
(6, 23, 0),
(6, 24, 4),
(9, 21, 41),
(9, 22, 46),
(9, 23, 13),
(9, 24, 5),
(12, 21, 19),
(12, 22, 42),
(12, 23, 11),
(12, 24, 2),
(16, 21, 80),
(16, 22, 26),
(16, 23, 11),
(16, 24, 2),
(19, 21, 26),
(19, 22, 36),
(19, 23, 10),
(19, 24, 2),
(20, 21, 72),
(20, 22, 31),
(20, 23, 0),
(20, 24, 6),
(23, 21, 53),
(23, 22, 32),
(23, 23, 13),
(23, 24, 1),
(29, 21, 33),
(29, 22, 33),
(29, 23, 6),
(29, 24, 7),
(31, 21, 0),
(31, 22, 24),
(31, 23, 2),
(31, 24, 4),
(32, 21, 93),
(32, 22, 3),
(32, 23, 7),
(32, 24, 9),
(37, 21, 58),
(37, 22, 14),
(37, 23, 0),
(37, 24, 7),
(40, 21, 23),
(40, 22, 45),
(40, 23, 12),
(40, 24, 8),
(45, 21, 36),
(45, 22, 15),
(45, 23, 7),
(45, 24, 7),
(49, 21, 44),
(49, 22, 48),
(49, 23, 7),
(49, 24, 8),
(56, 21, 66),
(56, 22, 29),
(56, 23, 10),
(56, 24, 2),
(62, 21, 65),
(62, 22, 32),
(62, 23, 7),
(62, 24, 6),
(64, 21, 71),
(64, 22, 12),
(64, 23, 5),
(64, 24, 8),
(70, 21, 8),
(70, 22, 47),
(70, 23, 5),
(70, 24, 4),
(77, 21, 32),
(77, 22, 5),
(77, 23, 11),
(77, 24, 5),
(83, 21, 75),
(83, 22, 23),
(83, 23, 4),
(83, 24, 2),
(87, 21, 37),
(87, 22, 35),
(87, 23, 13),
(87, 24, 2),
(89, 21, 91),
(89, 22, 3),
(89, 23, 7),
(89, 24, 7),
(92, 21, 67),
(92, 22, 27),
(92, 23, 6),
(92, 24, 2),
(99, 21, 90),
(99, 22, 5),
(99, 23, 8),
(99, 24, 4),
(105, 21, 21),
(105, 22, 20),
(105, 23, 10),
(105, 24, 9),
(106, 21, 51),
(106, 22, 24),
(106, 23, 5),
(106, 24, 5),
(118, 21, 23),
(118, 22, 41),
(118, 23, 10),
(118, 24, 1),
(120, 21, 6),
(120, 22, 46),
(120, 23, 12),
(120, 24, 4),
(128, 21, 82),
(128, 22, 15),
(128, 23, 2),
(128, 24, 8),
(133, 21, 56),
(133, 22, 48),
(133, 23, 10),
(133, 24, 5),
(142, 21, 60),
(142, 22, 8),
(142, 23, 9),
(142, 24, 7),
(150, 21, 15),
(150, 22, 48),
(150, 23, 1),
(150, 24, 4),
(169, 21, 18),
(169, 22, 15),
(169, 23, 11),
(169, 24, 0),
(174, 21, 19),
(174, 22, 34),
(174, 23, 11),
(174, 24, 10),
(183, 21, 60),
(183, 22, 7),
(183, 23, 13),
(183, 24, 9),
(188, 21, 85),
(188, 22, 38),
(188, 23, 0),
(188, 24, 3),
(189, 21, 87),
(189, 22, 51),
(189, 23, 1),
(189, 24, 0),
(201, 21, 8),
(201, 22, 21),
(201, 23, 4),
(201, 24, 7),
(205, 21, 36),
(205, 22, 39),
(205, 23, 2),
(205, 24, 7),
(206, 21, 29),
(206, 22, 53),
(206, 23, 5),
(206, 24, 9),
(216, 21, 58),
(216, 22, 13),
(216, 23, 10),
(216, 24, 1),
(217, 21, 3),
(217, 22, 5),
(217, 23, 12),
(217, 24, 1),
(223, 21, 52),
(223, 22, 51),
(223, 23, 6),
(223, 24, 6),
(224, 21, 60),
(224, 22, 2),
(224, 23, 11),
(224, 24, 10),
(229, 21, 49),
(229, 22, 14),
(229, 23, 1),
(229, 24, 5),
(230, 21, 1),
(230, 22, 8),
(230, 23, 8),
(230, 24, 3),
(233, 21, 26),
(233, 22, 41),
(233, 23, 4),
(233, 24, 5),
(238, 21, 33),
(238, 22, 43),
(238, 23, 10),
(238, 24, 6),
(241, 21, 60),
(241, 22, 7),
(241, 23, 13),
(241, 24, 8),
(247, 21, 80),
(247, 22, 13),
(247, 23, 13),
(247, 24, 0),
(254, 21, 42),
(254, 22, 33),
(254, 23, 10),
(254, 24, 10),
(257, 21, 31),
(257, 22, 29),
(257, 23, 2),
(257, 24, 9),
(261, 21, 87),
(261, 22, 23),
(261, 23, 9),
(261, 24, 3),
(262, 21, 61),
(262, 22, 4),
(262, 23, 8),
(262, 24, 0),
(263, 21, 0),
(263, 22, 15),
(263, 23, 2),
(263, 24, 2),
(266, 21, 91),
(266, 22, 17),
(266, 23, 3),
(266, 24, 7),
(267, 21, 4),
(267, 22, 30),
(267, 23, 0),
(267, 24, 7),
(271, 21, 91),
(271, 22, 29),
(271, 23, 12),
(271, 24, 7),
(272, 21, 11),
(272, 22, 20),
(272, 23, 0),
(272, 24, 3),
(278, 21, 25),
(278, 22, 36),
(278, 23, 4),
(278, 24, 0),
(280, 21, 71),
(280, 22, 15),
(280, 23, 5),
(280, 24, 2),
(298, 21, 87),
(298, 22, 14),
(298, 23, 4),
(298, 24, 9),
(300, 21, 80),
(300, 22, 53),
(300, 23, 11),
(300, 24, 2),
(6, 33, 76),
(6, 34, 46),
(6, 87, 57),
(10, 33, 13),
(10, 34, 19),
(10, 87, 4),
(11, 33, 71),
(11, 34, 45),
(11, 87, 81),
(12, 33, 74),
(12, 34, 19),
(12, 87, 92),
(20, 33, 18),
(20, 34, 6),
(20, 87, 38),
(28, 33, 13),
(28, 34, 38),
(28, 87, 69),
(38, 33, 11),
(38, 34, 20),
(38, 87, 13),
(44, 33, 19),
(44, 34, 13),
(44, 87, 45),
(57, 33, 12),
(57, 34, 2),
(57, 87, 44),
(59, 33, 3),
(59, 34, 18),
(59, 87, 95),
(62, 33, 30),
(62, 34, 49),
(62, 87, 36),
(66, 33, 68),
(66, 34, 21),
(66, 87, 46),
(71, 33, 50),
(71, 34, 5),
(71, 87, 18),
(74, 33, 23),
(74, 34, 8),
(74, 87, 73),
(77, 33, 63),
(77, 34, 55),
(77, 87, 10),
(80, 33, 22),
(80, 34, 54),
(80, 87, 56),
(83, 33, 20),
(83, 34, 20),
(83, 87, 60),
(84, 33, 65),
(84, 34, 25),
(84, 87, 69),
(89, 33, 82),
(89, 34, 5),
(89, 87, 2),
(98, 33, 54),
(98, 34, 49),
(98, 87, 53),
(101, 33, 81),
(101, 34, 15),
(101, 87, 40),
(103, 33, 77),
(103, 34, 39),
(103, 87, 30),
(104, 33, 26),
(104, 34, 42),
(104, 87, 21),
(105, 33, 73),
(105, 34, 4),
(105, 87, 75),
(117, 33, 72),
(117, 34, 46),
(117, 87, 32),
(118, 33, 48),
(118, 34, 9),
(118, 87, 39),
(123, 33, 37),
(123, 34, 12),
(123, 87, 31),
(124, 33, 15),
(124, 34, 36),
(124, 87, 72),
(125, 33, 18),
(125, 34, 49),
(125, 87, 44),
(128, 33, 6),
(128, 34, 3),
(128, 87, 79),
(129, 33, 0),
(129, 34, 14),
(129, 87, 33),
(130, 33, 65),
(130, 34, 54),
(130, 87, 45),
(134, 33, 3),
(134, 34, 40),
(134, 87, 17),
(144, 33, 58),
(144, 34, 50),
(144, 87, 41),
(153, 33, 46),
(153, 34, 18),
(153, 87, 5),
(162, 33, 27),
(162, 34, 17),
(162, 87, 14),
(187, 33, 25),
(187, 34, 4),
(187, 87, 25),
(196, 33, 87),
(196, 34, 19),
(196, 87, 73),
(198, 33, 20),
(198, 34, 50),
(198, 87, 81),
(200, 33, 80),
(200, 34, 5),
(200, 87, 25),
(210, 33, 57),
(210, 34, 30),
(210, 87, 0),
(218, 33, 87),
(218, 34, 8),
(218, 87, 37),
(230, 33, 30),
(230, 34, 56),
(230, 87, 93),
(231, 33, 47),
(231, 34, 1),
(231, 87, 54),
(240, 33, 66),
(240, 34, 16),
(240, 87, 72),
(243, 33, 2),
(243, 34, 6),
(243, 87, 43),
(244, 33, 67),
(244, 34, 44),
(244, 87, 78),
(248, 33, 76),
(248, 34, 19),
(248, 87, 91),
(250, 33, 11),
(250, 34, 52),
(250, 87, 44),
(255, 33, 47),
(255, 34, 29),
(255, 87, 47),
(260, 33, 82),
(260, 34, 41),
(260, 87, 93),
(271, 33, 9),
(271, 34, 14),
(271, 87, 35),
(277, 33, 74),
(277, 34, 31),
(277, 87, 29),
(278, 33, 71),
(278, 34, 33),
(278, 87, 79),
(283, 33, 10),
(283, 34, 34),
(283, 87, 30),
(289, 33, 23),
(289, 34, 4),
(289, 87, 83),
(294, 33, 83),
(294, 34, 25),
(294, 87, 10),
(5, 35, 15),
(5, 36, 35),
(5, 37, 9),
(5, 38, 38),
(5, 39, 4),
(6, 35, 59),
(6, 36, 57),
(6, 37, 0),
(6, 38, 53),
(6, 39, 1),
(9, 35, 18),
(9, 36, 53),
(9, 37, 41),
(9, 38, 28),
(9, 39, 21),
(25, 35, 22),
(25, 36, 54),
(25, 37, 1),
(25, 38, 60),
(25, 39, 3),
(26, 35, 4),
(26, 36, 43),
(26, 37, 28),
(26, 38, 37),
(26, 39, 11),
(28, 35, 56),
(28, 36, 24),
(28, 37, 44),
(28, 38, 19),
(28, 39, 17),
(46, 35, 64),
(46, 36, 24),
(46, 37, 11),
(46, 38, 10),
(46, 39, 14),
(47, 35, 21),
(47, 36, 50),
(47, 37, 15),
(47, 38, 26),
(47, 39, 25),
(48, 35, 53),
(48, 36, 26),
(48, 37, 27),
(48, 38, 42),
(48, 39, 8),
(53, 35, 15),
(53, 36, 23),
(53, 37, 8),
(53, 38, 41),
(53, 39, 24),
(54, 35, 11),
(54, 36, 17),
(54, 37, 17),
(54, 38, 45),
(54, 39, 5),
(55, 35, 43),
(55, 36, 4),
(55, 37, 3),
(55, 38, 11),
(55, 39, 0),
(62, 35, 39),
(62, 36, 35),
(62, 37, 20),
(62, 38, 10),
(62, 39, 2),
(64, 35, 16),
(64, 36, 29),
(64, 37, 27),
(64, 38, 62),
(64, 39, 14),
(69, 35, 4),
(69, 36, 18),
(69, 37, 23),
(69, 38, 16),
(69, 39, 14),
(70, 35, 18),
(70, 36, 11),
(70, 37, 29),
(70, 38, 58),
(70, 39, 17),
(71, 35, 33),
(71, 36, 7),
(71, 37, 0),
(71, 38, 16),
(71, 39, 13),
(74, 35, 29),
(74, 36, 58),
(74, 37, 15),
(74, 38, 20),
(74, 39, 20),
(78, 35, 63),
(78, 36, 34),
(78, 37, 8),
(78, 38, 21),
(78, 39, 12),
(86, 35, 34),
(86, 36, 43),
(86, 37, 22),
(86, 38, 35),
(86, 39, 0),
(87, 35, 41),
(87, 36, 4),
(87, 37, 31),
(87, 38, 37),
(87, 39, 13),
(89, 35, 42),
(89, 36, 51),
(89, 37, 35),
(89, 38, 18),
(89, 39, 8),
(92, 35, 28),
(92, 36, 27),
(92, 37, 35),
(92, 38, 21),
(92, 39, 4),
(98, 35, 8),
(98, 36, 48),
(98, 37, 32),
(98, 38, 23),
(98, 39, 5),
(106, 35, 57),
(106, 36, 45),
(106, 37, 41),
(106, 38, 31),
(106, 39, 11),
(109, 35, 29),
(109, 36, 41),
(109, 37, 9),
(109, 38, 61),
(109, 39, 12),
(110, 35, 12),
(110, 36, 18),
(110, 37, 9),
(110, 38, 43),
(110, 39, 5),
(113, 35, 40),
(113, 36, 34),
(113, 37, 31),
(113, 38, 43),
(113, 39, 23),
(122, 35, 34),
(122, 36, 20),
(122, 37, 8),
(122, 38, 47),
(122, 39, 11),
(129, 35, 39),
(129, 36, 2),
(129, 37, 12),
(129, 38, 11),
(129, 39, 3),
(130, 35, 42),
(130, 36, 59),
(130, 37, 32),
(130, 38, 4),
(130, 39, 24),
(134, 35, 50),
(134, 36, 41),
(134, 37, 45),
(134, 38, 5),
(134, 39, 14),
(138, 35, 38),
(138, 36, 9),
(138, 37, 5),
(138, 38, 24),
(138, 39, 14),
(147, 35, 18),
(147, 36, 25),
(147, 37, 3),
(147, 38, 5),
(147, 39, 4),
(154, 35, 37),
(154, 36, 37),
(154, 37, 15),
(154, 38, 21),
(154, 39, 3),
(156, 35, 53),
(156, 36, 20),
(156, 37, 1),
(156, 38, 24),
(156, 39, 14),
(157, 35, 22),
(157, 36, 43),
(157, 37, 19),
(157, 38, 6),
(157, 39, 19),
(160, 35, 39),
(160, 36, 35),
(160, 37, 8),
(160, 38, 50),
(160, 39, 19),
(167, 35, 51),
(167, 36, 0),
(167, 37, 20),
(167, 38, 14),
(167, 39, 24),
(177, 35, 11),
(177, 36, 15),
(177, 37, 33),
(177, 38, 27),
(177, 39, 0),
(178, 35, 57),
(178, 36, 20),
(178, 37, 16),
(178, 38, 25),
(178, 39, 11),
(180, 35, 46),
(180, 36, 38),
(180, 37, 2),
(180, 38, 16),
(180, 39, 25),
(181, 35, 4),
(181, 36, 21),
(181, 37, 34),
(181, 38, 36),
(181, 39, 12),
(186, 35, 24),
(186, 36, 2),
(186, 37, 27),
(186, 38, 26),
(186, 39, 25),
(190, 35, 32),
(190, 36, 49),
(190, 37, 18),
(190, 38, 22),
(190, 39, 0),
(194, 35, 50),
(194, 36, 8),
(194, 37, 32),
(194, 38, 6),
(194, 39, 2),
(197, 35, 16),
(197, 36, 3),
(197, 37, 40),
(197, 38, 6),
(197, 39, 7),
(205, 35, 2),
(205, 36, 31),
(205, 37, 42),
(205, 38, 28),
(205, 39, 0),
(223, 35, 26),
(223, 36, 14),
(223, 37, 28),
(223, 38, 23),
(223, 39, 5),
(225, 35, 53),
(225, 36, 37),
(225, 37, 6),
(225, 38, 23),
(225, 39, 9),
(229, 35, 37),
(229, 36, 15),
(229, 37, 26),
(229, 38, 57),
(229, 39, 23),
(232, 35, 27),
(232, 36, 42),
(232, 37, 9),
(232, 38, 4),
(232, 39, 8),
(235, 35, 29),
(235, 36, 52),
(235, 37, 43),
(235, 38, 14),
(235, 39, 1),
(237, 35, 11),
(237, 36, 35),
(237, 37, 40),
(237, 38, 25),
(237, 39, 25),
(244, 35, 10),
(244, 36, 48),
(244, 37, 12),
(244, 38, 4),
(244, 39, 15),
(254, 35, 28),
(254, 36, 43),
(254, 37, 15),
(254, 38, 4),
(254, 39, 23),
(264, 35, 62),
(264, 36, 47),
(264, 37, 2),
(264, 38, 61),
(264, 39, 4),
(270, 35, 35),
(270, 36, 25),
(270, 37, 8),
(270, 38, 18),
(270, 39, 8),
(272, 35, 23),
(272, 36, 34),
(272, 37, 4),
(272, 38, 58),
(272, 39, 14),
(273, 35, 36),
(273, 36, 46),
(273, 37, 11),
(273, 38, 18),
(273, 39, 12),
(281, 35, 52),
(281, 36, 7),
(281, 37, 43),
(281, 38, 29),
(281, 39, 7),
(282, 35, 34),
(282, 36, 34),
(282, 37, 34),
(282, 38, 39),
(282, 39, 9),
(283, 35, 41),
(283, 36, 29),
(283, 37, 1),
(283, 38, 59),
(283, 39, 24),
(287, 35, 38),
(287, 36, 18),
(287, 37, 22),
(287, 38, 50),
(287, 39, 4),
(290, 35, 37),
(290, 36, 57),
(290, 37, 26),
(290, 38, 49),
(290, 39, 18),
(297, 35, 2),
(297, 36, 22),
(297, 37, 18),
(297, 38, 47),
(297, 39, 7),
(299, 35, 54),
(299, 36, 10),
(299, 37, 15),
(299, 38, 25),
(299, 39, 12),
(13, 40, 28),
(13, 41, 32),
(13, 42, 58),
(13, 43, 13),
(13, 44, 24),
(16, 40, 20),
(16, 41, 17),
(16, 42, 46),
(16, 43, 10),
(16, 44, 4),
(26, 40, 23),
(26, 41, 30),
(26, 42, 7),
(26, 43, 6),
(26, 44, 30),
(34, 40, 18),
(34, 41, 30),
(34, 42, 64),
(34, 43, 15),
(34, 44, 33),
(39, 40, 10),
(39, 41, 34),
(39, 42, 26),
(39, 43, 20),
(39, 44, 6),
(41, 40, 14),
(41, 41, 9),
(41, 42, 52),
(41, 43, 6),
(41, 44, 6),
(47, 40, 24),
(47, 41, 20),
(47, 42, 54),
(47, 43, 14),
(47, 44, 4),
(52, 40, 28),
(52, 41, 15),
(52, 42, 10),
(52, 43, 1),
(52, 44, 24),
(57, 40, 12),
(57, 41, 24),
(57, 42, 21),
(57, 43, 8),
(57, 44, 28),
(65, 40, 8),
(65, 41, 14),
(65, 42, 52),
(65, 43, 4),
(65, 44, 30),
(69, 40, 0),
(69, 41, 13),
(69, 42, 55),
(69, 43, 4),
(69, 44, 8),
(74, 40, 0),
(74, 41, 7),
(74, 42, 22),
(74, 43, 11),
(74, 44, 5),
(78, 40, 28),
(78, 41, 30),
(78, 42, 21),
(78, 43, 13),
(78, 44, 32),
(79, 40, 24),
(79, 41, 11),
(79, 42, 38),
(79, 43, 13),
(79, 44, 19),
(87, 40, 11),
(87, 41, 32),
(87, 42, 29),
(87, 43, 13),
(87, 44, 20),
(90, 40, 13),
(90, 41, 5),
(90, 42, 82),
(90, 43, 5),
(90, 44, 3),
(92, 40, 24),
(92, 41, 23),
(92, 42, 50),
(92, 43, 5),
(92, 44, 0),
(96, 40, 6),
(96, 41, 9),
(96, 42, 12),
(96, 43, 12),
(96, 44, 20),
(109, 40, 28),
(109, 41, 20),
(109, 42, 69),
(109, 43, 20),
(109, 44, 23),
(120, 40, 3),
(120, 41, 5),
(120, 42, 7),
(120, 43, 19),
(120, 44, 28),
(128, 40, 19),
(128, 41, 0),
(128, 42, 12),
(128, 43, 4),
(128, 44, 10),
(134, 40, 21),
(134, 41, 23),
(134, 42, 85),
(134, 43, 16),
(134, 44, 30),
(138, 40, 18),
(138, 41, 21),
(138, 42, 51),
(138, 43, 11),
(138, 44, 3),
(140, 40, 12),
(140, 41, 7),
(140, 42, 11),
(140, 43, 4),
(140, 44, 0),
(145, 40, 28),
(145, 41, 17),
(145, 42, 19),
(145, 43, 17),
(145, 44, 24),
(146, 40, 4),
(146, 41, 16),
(146, 42, 19),
(146, 43, 20),
(146, 44, 13),
(149, 40, 18),
(149, 41, 34),
(149, 42, 35),
(149, 43, 16),
(149, 44, 25),
(150, 40, 10),
(150, 41, 28),
(150, 42, 19),
(150, 43, 5),
(150, 44, 26),
(151, 40, 17),
(151, 41, 31),
(151, 42, 60),
(151, 43, 11),
(151, 44, 2),
(158, 40, 23),
(158, 41, 25),
(158, 42, 59),
(158, 43, 16),
(158, 44, 27),
(160, 40, 18),
(160, 41, 5),
(160, 42, 84),
(160, 43, 18),
(160, 44, 35),
(165, 40, 5),
(165, 41, 30),
(165, 42, 37),
(165, 43, 15),
(165, 44, 18),
(172, 40, 8),
(172, 41, 14),
(172, 42, 47),
(172, 43, 6),
(172, 44, 13),
(174, 40, 16),
(174, 41, 32),
(174, 42, 69),
(174, 43, 8),
(174, 44, 19),
(183, 40, 3),
(183, 41, 20),
(183, 42, 52),
(183, 43, 16),
(183, 44, 32),
(187, 40, 13),
(187, 41, 12),
(187, 42, 30),
(187, 43, 7),
(187, 44, 16),
(194, 40, 16),
(194, 41, 3),
(194, 42, 73),
(194, 43, 3),
(194, 44, 18),
(201, 40, 1),
(201, 41, 24),
(201, 42, 76),
(201, 43, 19),
(201, 44, 12),
(206, 40, 2),
(206, 41, 27),
(206, 42, 80),
(206, 43, 2),
(206, 44, 22),
(215, 40, 8),
(215, 41, 25),
(215, 42, 8),
(215, 43, 20),
(215, 44, 16),
(217, 40, 18),
(217, 41, 24),
(217, 42, 89),
(217, 43, 6),
(217, 44, 22),
(228, 40, 26),
(228, 41, 5),
(228, 42, 22),
(228, 43, 13),
(228, 44, 11),
(231, 40, 10),
(231, 41, 23),
(231, 42, 68),
(231, 43, 8),
(231, 44, 2),
(236, 40, 16),
(236, 41, 15),
(236, 42, 29),
(236, 43, 19),
(236, 44, 6),
(246, 40, 16),
(246, 41, 15),
(246, 42, 30),
(246, 43, 19),
(246, 44, 19),
(247, 40, 3),
(247, 41, 28),
(247, 42, 78),
(247, 43, 17),
(247, 44, 27),
(248, 40, 25),
(248, 41, 6),
(248, 42, 68),
(248, 43, 20),
(248, 44, 20),
(256, 40, 14),
(256, 41, 11),
(256, 42, 51),
(256, 43, 5),
(256, 44, 21),
(264, 40, 9),
(264, 41, 34),
(264, 42, 53),
(264, 43, 18),
(264, 44, 33),
(265, 40, 23),
(265, 41, 1),
(265, 42, 69),
(265, 43, 9),
(265, 44, 20),
(275, 40, 13),
(275, 41, 24),
(275, 42, 90),
(275, 43, 12),
(275, 44, 16),
(277, 40, 19),
(277, 41, 22),
(277, 42, 0),
(277, 43, 0),
(277, 44, 20),
(294, 40, 21),
(294, 41, 20),
(294, 42, 60),
(294, 43, 9),
(294, 44, 7),
(298, 40, 24),
(298, 41, 30),
(298, 42, 87),
(298, 43, 17),
(298, 44, 14),
(12, 45, 56),
(12, 46, 64),
(12, 47, 10),
(13, 45, 83),
(13, 46, 53),
(13, 47, 19),
(18, 45, 38),
(18, 46, 14),
(18, 47, 28),
(27, 45, 77),
(27, 46, 8),
(27, 47, 55),
(28, 45, 41),
(28, 46, 13),
(28, 47, 65),
(32, 45, 4),
(32, 46, 38),
(32, 47, 50),
(41, 45, 18),
(41, 46, 43),
(41, 47, 43),
(44, 45, 60),
(44, 46, 9),
(44, 47, 75),
(49, 45, 50),
(49, 46, 64),
(49, 47, 49),
(54, 45, 70),
(54, 46, 17),
(54, 47, 10),
(55, 45, 38),
(55, 46, 31),
(55, 47, 37),
(61, 45, 6),
(61, 46, 49),
(61, 47, 7),
(62, 45, 77),
(62, 46, 35),
(62, 47, 15),
(65, 45, 46),
(65, 46, 37),
(65, 47, 16),
(66, 45, 22),
(66, 46, 28),
(66, 47, 20),
(71, 45, 86),
(71, 46, 63),
(71, 47, 62),
(75, 45, 30),
(75, 46, 52),
(75, 47, 42),
(78, 45, 23),
(78, 46, 43),
(78, 47, 61),
(79, 45, 23),
(79, 46, 39),
(79, 47, 55),
(80, 45, 71),
(80, 46, 55),
(80, 47, 25),
(84, 45, 46),
(84, 46, 37),
(84, 47, 42),
(85, 45, 17),
(85, 46, 61),
(85, 47, 40),
(90, 45, 70),
(90, 46, 39),
(90, 47, 42),
(97, 45, 81),
(97, 46, 49),
(97, 47, 31),
(110, 45, 58),
(110, 46, 8),
(110, 47, 23),
(121, 45, 18),
(121, 46, 30),
(121, 47, 8),
(123, 45, 47),
(123, 46, 42),
(123, 47, 0),
(124, 45, 0),
(124, 46, 33),
(124, 47, 25),
(126, 45, 24),
(126, 46, 48),
(126, 47, 4),
(132, 45, 22),
(132, 46, 39),
(132, 47, 70),
(138, 45, 16),
(138, 46, 9),
(138, 47, 33),
(144, 45, 72),
(144, 46, 57),
(144, 47, 7),
(145, 45, 45),
(145, 46, 6),
(145, 47, 50),
(150, 45, 6),
(150, 46, 33),
(150, 47, 19),
(164, 45, 51),
(164, 46, 24),
(164, 47, 39),
(168, 45, 65),
(168, 46, 46),
(168, 47, 58),
(172, 45, 84),
(172, 46, 58),
(172, 47, 66),
(176, 45, 26),
(176, 46, 8),
(176, 47, 29),
(182, 45, 23),
(182, 46, 42),
(182, 47, 3),
(185, 45, 40),
(185, 46, 29),
(185, 47, 69),
(192, 45, 85),
(192, 46, 20),
(192, 47, 51),
(196, 45, 52),
(196, 46, 13),
(196, 47, 58),
(204, 45, 52),
(204, 46, 51),
(204, 47, 20),
(205, 45, 31),
(205, 46, 63),
(205, 47, 3),
(209, 45, 51),
(209, 46, 44),
(209, 47, 56),
(212, 45, 83),
(212, 46, 62),
(212, 47, 10),
(221, 45, 53),
(221, 46, 24),
(221, 47, 28),
(226, 45, 32),
(226, 46, 46),
(226, 47, 56),
(228, 45, 30),
(228, 46, 53),
(228, 47, 62),
(233, 45, 43),
(233, 46, 22),
(233, 47, 60),
(241, 45, 6),
(241, 46, 3),
(241, 47, 17),
(245, 45, 50),
(245, 46, 42),
(245, 47, 16),
(255, 45, 22),
(255, 46, 24),
(255, 47, 13),
(257, 45, 59),
(257, 46, 53),
(257, 47, 32),
(258, 45, 5),
(258, 46, 12),
(258, 47, 25),
(262, 45, 80),
(262, 46, 34),
(262, 47, 20),
(269, 45, 31),
(269, 46, 37),
(269, 47, 32),
(272, 45, 7),
(272, 46, 57),
(272, 47, 31),
(276, 45, 40),
(276, 46, 7),
(276, 47, 46),
(280, 45, 23),
(280, 46, 21),
(280, 47, 52),
(283, 45, 36),
(283, 46, 54),
(283, 47, 56),
(289, 45, 36),
(289, 46, 43),
(289, 47, 74),
(291, 45, 73),
(291, 46, 8),
(291, 47, 13),
(292, 45, 86),
(292, 46, 37),
(292, 47, 10),
(300, 45, 78),
(300, 46, 22),
(300, 47, 26),
(3, 48, 15),
(3, 49, 3),
(4, 48, 29),
(4, 49, 9),
(9, 48, 39),
(9, 49, 24),
(14, 48, 33),
(14, 49, 9),
(16, 48, 26),
(16, 49, 24),
(18, 48, 4),
(18, 49, 20),
(26, 48, 30),
(26, 49, 6),
(29, 48, 29),
(29, 49, 2),
(32, 48, 15),
(32, 49, 3),
(33, 48, 30),
(33, 49, 20),
(41, 48, 36),
(41, 49, 29),
(66, 48, 0),
(66, 49, 0),
(68, 48, 17),
(68, 49, 6),
(71, 48, 9),
(71, 49, 24),
(74, 48, 8),
(74, 49, 12),
(75, 48, 23),
(75, 49, 28),
(83, 48, 18),
(83, 49, 17),
(89, 48, 10),
(89, 49, 24),
(90, 48, 9),
(90, 49, 15),
(98, 48, 17),
(98, 49, 6),
(109, 48, 7),
(109, 49, 28),
(110, 48, 40),
(110, 49, 19),
(123, 48, 1),
(123, 49, 20),
(133, 48, 16),
(133, 49, 27),
(138, 48, 32),
(138, 49, 10),
(140, 48, 8),
(140, 49, 29),
(146, 48, 14),
(146, 49, 13),
(147, 48, 33),
(147, 49, 23),
(151, 48, 12),
(151, 49, 13),
(152, 48, 19),
(152, 49, 28),
(153, 48, 36),
(153, 49, 15),
(157, 48, 6),
(157, 49, 15),
(165, 48, 18),
(165, 49, 27),
(168, 48, 34),
(168, 49, 23),
(173, 48, 28),
(173, 49, 15),
(174, 48, 36),
(174, 49, 22),
(182, 48, 38),
(182, 49, 4),
(188, 48, 32),
(188, 49, 28),
(197, 48, 13),
(197, 49, 13),
(199, 48, 19),
(199, 49, 6),
(205, 48, 12),
(205, 49, 17),
(213, 48, 9),
(213, 49, 17),
(215, 48, 8),
(215, 49, 6),
(216, 48, 3),
(216, 49, 24),
(220, 48, 39),
(220, 49, 5),
(221, 48, 10),
(221, 49, 2),
(227, 48, 32),
(227, 49, 4),
(232, 48, 17),
(232, 49, 2),
(244, 48, 24),
(244, 49, 27),
(252, 48, 0),
(252, 49, 21),
(256, 48, 6),
(256, 49, 14),
(261, 48, 30),
(261, 49, 6),
(264, 48, 20),
(264, 49, 12),
(281, 48, 9),
(281, 49, 6),
(285, 48, 14),
(285, 49, 2),
(292, 48, 5),
(292, 49, 29),
(4, 50, 2),
(4, 51, 27),
(4, 52, 29),
(7, 50, 45),
(7, 51, 23),
(7, 52, 23),
(8, 50, 2),
(8, 51, 47),
(8, 52, 10),
(10, 50, 22),
(10, 51, 27),
(10, 52, 67),
(11, 50, 55),
(11, 51, 38),
(11, 52, 28),
(12, 50, 22),
(12, 51, 38),
(12, 52, 14),
(16, 50, 33),
(16, 51, 33),
(16, 52, 64),
(17, 50, 47),
(17, 51, 1),
(17, 52, 13),
(18, 50, 52),
(18, 51, 18),
(18, 52, 23),
(25, 50, 2),
(25, 51, 44),
(25, 52, 64),
(35, 50, 54),
(35, 51, 28),
(35, 52, 36),
(42, 50, 9),
(42, 51, 42),
(42, 52, 58),
(52, 50, 40),
(52, 51, 30),
(52, 52, 2),
(54, 50, 29),
(54, 51, 32),
(54, 52, 22),
(56, 50, 42),
(56, 51, 32),
(56, 52, 6),
(60, 50, 53),
(60, 51, 6),
(60, 52, 57),
(72, 50, 13),
(72, 51, 13),
(72, 52, 32),
(75, 50, 1),
(75, 51, 44),
(75, 52, 42),
(85, 50, 24),
(85, 51, 9),
(85, 52, 0),
(96, 50, 13),
(96, 51, 4),
(96, 52, 34),
(111, 50, 26),
(111, 51, 46),
(111, 52, 4),
(112, 50, 31),
(112, 51, 43),
(112, 52, 59),
(122, 50, 38),
(122, 51, 21),
(122, 52, 17),
(126, 50, 47),
(126, 51, 9),
(126, 52, 9),
(129, 50, 49),
(129, 51, 18),
(129, 52, 61),
(135, 50, 45),
(135, 51, 46),
(135, 52, 7),
(136, 50, 37),
(136, 51, 21),
(136, 52, 62),
(138, 50, 42),
(138, 51, 8),
(138, 52, 68),
(142, 50, 32),
(142, 51, 21),
(142, 52, 3),
(147, 50, 40),
(147, 51, 1),
(147, 52, 55),
(148, 50, 25),
(148, 51, 39),
(148, 52, 3),
(150, 50, 40),
(150, 51, 23),
(150, 52, 49),
(153, 50, 0),
(153, 51, 27),
(153, 52, 24),
(157, 50, 12),
(157, 51, 38),
(157, 52, 59),
(160, 50, 26),
(160, 51, 2),
(160, 52, 17),
(163, 50, 15),
(163, 51, 43),
(163, 52, 41),
(167, 50, 20),
(167, 51, 17),
(167, 52, 67),
(172, 50, 31),
(172, 51, 42),
(172, 52, 6),
(175, 50, 6),
(175, 51, 29),
(175, 52, 48),
(181, 50, 23),
(181, 51, 20),
(181, 52, 11),
(182, 50, 3),
(182, 51, 16),
(182, 52, 19),
(191, 50, 35),
(191, 51, 34),
(191, 52, 17),
(196, 50, 43),
(196, 51, 16),
(196, 52, 55),
(200, 50, 3),
(200, 51, 29),
(200, 52, 11),
(202, 50, 15),
(202, 51, 4),
(202, 52, 21),
(203, 50, 3),
(203, 51, 45),
(203, 52, 37),
(211, 50, 13),
(211, 51, 15),
(211, 52, 5),
(213, 50, 25),
(213, 51, 17),
(213, 52, 54),
(216, 50, 17),
(216, 51, 36),
(216, 52, 28),
(222, 50, 23),
(222, 51, 7),
(222, 52, 29),
(224, 50, 27),
(224, 51, 3),
(224, 52, 69),
(226, 50, 45),
(226, 51, 10),
(226, 52, 62),
(230, 50, 18),
(230, 51, 5),
(230, 52, 16),
(236, 50, 36),
(236, 51, 29),
(236, 52, 14),
(242, 50, 23),
(242, 51, 33),
(242, 52, 16),
(246, 50, 41),
(246, 51, 8),
(246, 52, 57),
(248, 50, 42),
(248, 51, 2),
(248, 52, 39),
(251, 50, 38),
(251, 51, 6),
(251, 52, 19),
(257, 50, 5),
(257, 51, 34),
(257, 52, 53),
(260, 50, 28),
(260, 51, 41),
(260, 52, 21),
(263, 50, 45),
(263, 51, 30),
(263, 52, 68),
(265, 50, 30),
(265, 51, 5),
(265, 52, 39),
(268, 50, 39),
(268, 51, 18),
(268, 52, 24),
(270, 50, 30),
(270, 51, 42),
(270, 52, 61),
(282, 50, 16),
(282, 51, 24),
(282, 52, 23),
(284, 50, 28),
(284, 51, 40),
(284, 52, 48),
(286, 50, 31),
(286, 51, 40),
(286, 52, 58),
(288, 50, 40),
(288, 51, 6),
(288, 52, 38),
(291, 50, 18),
(291, 51, 35),
(291, 52, 25),
(292, 50, 38),
(292, 51, 36),
(292, 52, 29),
(295, 50, 43),
(295, 51, 25),
(295, 52, 62),
(298, 50, 9),
(298, 51, 25),
(298, 52, 66),
(300, 50, 23),
(300, 51, 40),
(300, 52, 69),
(3, 53, 12),
(3, 54, 61),
(3, 55, 4),
(5, 53, 7),
(5, 54, 48),
(5, 55, 26),
(9, 53, 9),
(9, 54, 21),
(9, 55, 13),
(15, 53, 2),
(15, 54, 50),
(15, 55, 34),
(17, 53, 9),
(17, 54, 46),
(17, 55, 22),
(21, 53, 10),
(21, 54, 3),
(21, 55, 54),
(32, 53, 5),
(32, 54, 57),
(32, 55, 28),
(39, 53, 13),
(39, 54, 1),
(39, 55, 40),
(45, 53, 11),
(45, 54, 58),
(45, 55, 6),
(46, 53, 11),
(46, 54, 7),
(46, 55, 14),
(54, 53, 12),
(54, 54, 62),
(54, 55, 30),
(65, 53, 14),
(65, 54, 53),
(65, 55, 27),
(70, 53, 4),
(70, 54, 19),
(70, 55, 42),
(76, 53, 8),
(76, 54, 28),
(76, 55, 13),
(82, 53, 3),
(82, 54, 43),
(82, 55, 20),
(87, 53, 8),
(87, 54, 45),
(87, 55, 23),
(92, 53, 5),
(92, 54, 47),
(92, 55, 13),
(93, 53, 14),
(93, 54, 3),
(93, 55, 40),
(102, 53, 9),
(102, 54, 59),
(102, 55, 52),
(106, 53, 11),
(106, 54, 19),
(106, 55, 41),
(108, 53, 7),
(108, 54, 53),
(108, 55, 2),
(122, 53, 3),
(122, 54, 41),
(122, 55, 1),
(123, 53, 11),
(123, 54, 56),
(123, 55, 26),
(142, 53, 8),
(142, 54, 67),
(142, 55, 37),
(147, 53, 10),
(147, 54, 57),
(147, 55, 5),
(148, 53, 1),
(148, 54, 57),
(148, 55, 30),
(152, 53, 8),
(152, 54, 39),
(152, 55, 10),
(153, 53, 10),
(153, 54, 44),
(153, 55, 7),
(159, 53, 7),
(159, 54, 50),
(159, 55, 2),
(160, 53, 5),
(160, 54, 18),
(160, 55, 23),
(162, 53, 0),
(162, 54, 42),
(162, 55, 36),
(166, 53, 10),
(166, 54, 22),
(166, 55, 18),
(174, 53, 14),
(174, 54, 62),
(174, 55, 35),
(176, 53, 4),
(176, 54, 54),
(176, 55, 3),
(178, 53, 10),
(178, 54, 3),
(178, 55, 43),
(183, 53, 3),
(183, 54, 28),
(183, 55, 37),
(184, 53, 2),
(184, 54, 12),
(184, 55, 58),
(192, 53, 10),
(192, 54, 41),
(192, 55, 26),
(194, 53, 14),
(194, 54, 33),
(194, 55, 28),
(201, 53, 8),
(201, 54, 39),
(201, 55, 8),
(206, 53, 5),
(206, 54, 56),
(206, 55, 4),
(207, 53, 4),
(207, 54, 50),
(207, 55, 44),
(209, 53, 5),
(209, 54, 47),
(209, 55, 2),
(215, 53, 3),
(215, 54, 60),
(215, 55, 25),
(225, 53, 6),
(225, 54, 23),
(225, 55, 56),
(227, 53, 2),
(227, 54, 11),
(227, 55, 29),
(233, 53, 0),
(233, 54, 6),
(233, 55, 24),
(245, 53, 11),
(245, 54, 17),
(245, 55, 33),
(250, 53, 2),
(250, 54, 66),
(250, 55, 37),
(251, 53, 5),
(251, 54, 40),
(251, 55, 43),
(252, 53, 5),
(252, 54, 4),
(252, 55, 43),
(259, 53, 3),
(259, 54, 29),
(259, 55, 28),
(260, 53, 12),
(260, 54, 0),
(260, 55, 48),
(261, 53, 0),
(261, 54, 34),
(261, 55, 1),
(265, 53, 1),
(265, 54, 30),
(265, 55, 15),
(278, 53, 0),
(278, 54, 42),
(278, 55, 23),
(279, 53, 4),
(279, 54, 53),
(279, 55, 0),
(284, 53, 11),
(284, 54, 36),
(284, 55, 28),
(295, 53, 11),
(295, 54, 44),
(295, 55, 50),
(296, 53, 13),
(296, 54, 29),
(296, 55, 9),
(299, 53, 6),
(299, 54, 42),
(299, 55, 14),
(300, 53, 0),
(300, 54, 15),
(300, 55, 2),
(4, 56, 19),
(4, 57, 18),
(4, 58, 24),
(7, 56, 1),
(7, 57, 67),
(7, 58, 2),
(12, 56, 17),
(12, 57, 53),
(12, 58, 15),
(13, 56, 15),
(13, 57, 15),
(13, 58, 16),
(14, 56, 18),
(14, 57, 28),
(14, 58, 6),
(18, 56, 12),
(18, 57, 38),
(18, 58, 2),
(19, 56, 10),
(19, 57, 51),
(19, 58, 4),
(26, 56, 6),
(26, 57, 90),
(26, 58, 19),
(28, 56, 7),
(28, 57, 36),
(28, 58, 19),
(29, 56, 19),
(29, 57, 24),
(29, 58, 6),
(31, 56, 5),
(31, 57, 51),
(31, 58, 1),
(34, 56, 15),
(34, 57, 33),
(34, 58, 24),
(35, 56, 17),
(35, 57, 15),
(35, 58, 7),
(36, 56, 14),
(36, 57, 68),
(36, 58, 24),
(39, 56, 17),
(39, 57, 38),
(39, 58, 1),
(44, 56, 2),
(44, 57, 81),
(44, 58, 18),
(45, 56, 8),
(45, 57, 47),
(45, 58, 2),
(46, 56, 17),
(46, 57, 34),
(46, 58, 7),
(51, 56, 18),
(51, 57, 69),
(51, 58, 22),
(58, 56, 5),
(58, 57, 29),
(58, 58, 16),
(60, 56, 6),
(60, 57, 53),
(60, 58, 21),
(68, 56, 0),
(68, 57, 6),
(68, 58, 5),
(71, 56, 13),
(71, 57, 1),
(71, 58, 1),
(72, 56, 18),
(72, 57, 86),
(72, 58, 20),
(76, 56, 3),
(76, 57, 21),
(76, 58, 5),
(80, 56, 4),
(80, 57, 42),
(80, 58, 11),
(82, 56, 17),
(82, 57, 18),
(82, 58, 12),
(84, 56, 10),
(84, 57, 68),
(84, 58, 22),
(97, 56, 19),
(97, 57, 80),
(97, 58, 21),
(98, 56, 6),
(98, 57, 64),
(98, 58, 4),
(108, 56, 13),
(108, 57, 13),
(108, 58, 13),
(110, 56, 7),
(110, 57, 22),
(110, 58, 24),
(111, 56, 7),
(111, 57, 47),
(111, 58, 12),
(118, 56, 6),
(118, 57, 77),
(118, 58, 23),
(120, 56, 0),
(120, 57, 48),
(120, 58, 6),
(121, 56, 0),
(121, 57, 23),
(121, 58, 21),
(137, 56, 16),
(137, 57, 21),
(137, 58, 1),
(138, 56, 12),
(138, 57, 75),
(138, 58, 12),
(139, 56, 13),
(139, 57, 39),
(139, 58, 7),
(140, 56, 9),
(140, 57, 15),
(140, 58, 3),
(142, 56, 0),
(142, 57, 77),
(142, 58, 10),
(145, 56, 1),
(145, 57, 13),
(145, 58, 11),
(148, 56, 15),
(148, 57, 14),
(148, 58, 10),
(151, 56, 10),
(151, 57, 35),
(151, 58, 8),
(156, 56, 0),
(156, 57, 84),
(156, 58, 17),
(157, 56, 15),
(157, 57, 34),
(157, 58, 10),
(160, 56, 9),
(160, 57, 67),
(160, 58, 1),
(162, 56, 5),
(162, 57, 51),
(162, 58, 21),
(166, 56, 7),
(166, 57, 76),
(166, 58, 2),
(167, 56, 17),
(167, 57, 12),
(167, 58, 6),
(170, 56, 0),
(170, 57, 19),
(170, 58, 16),
(172, 56, 19),
(172, 57, 8),
(172, 58, 4),
(175, 56, 19),
(175, 57, 6),
(175, 58, 20),
(176, 56, 4),
(176, 57, 75),
(176, 58, 13),
(182, 56, 16),
(182, 57, 30),
(182, 58, 7),
(183, 56, 6),
(183, 57, 77),
(183, 58, 19),
(187, 56, 2),
(187, 57, 81),
(187, 58, 1),
(192, 56, 8),
(192, 57, 90),
(192, 58, 18),
(193, 56, 3),
(193, 57, 12),
(193, 58, 20),
(205, 56, 15),
(205, 57, 75),
(205, 58, 14),
(224, 56, 11),
(224, 57, 37),
(224, 58, 5),
(251, 56, 13),
(251, 57, 94),
(251, 58, 19),
(267, 56, 3),
(267, 57, 52),
(267, 58, 0),
(270, 56, 11);
INSERT INTO `studentquizzes` (`student_id`, `quiz_id`, `score`) VALUES
(270, 57, 29),
(270, 58, 21),
(272, 56, 1),
(272, 57, 83),
(272, 58, 19),
(277, 56, 0),
(277, 57, 1),
(277, 58, 18),
(281, 56, 17),
(281, 57, 36),
(281, 58, 20),
(285, 56, 12),
(285, 57, 59),
(285, 58, 0),
(292, 56, 2),
(292, 57, 73),
(292, 58, 0),
(1, 59, 23),
(1, 60, 15),
(11, 59, 4),
(11, 60, 24),
(15, 59, 20),
(15, 60, 18),
(21, 59, 24),
(21, 60, 16),
(23, 59, 15),
(23, 60, 5),
(27, 59, 15),
(27, 60, 13),
(30, 59, 24),
(30, 60, 14),
(40, 59, 4),
(40, 60, 13),
(52, 59, 19),
(52, 60, 17),
(55, 59, 22),
(55, 60, 19),
(60, 59, 15),
(60, 60, 24),
(66, 59, 32),
(66, 60, 19),
(75, 59, 9),
(75, 60, 23),
(76, 59, 3),
(76, 60, 4),
(93, 59, 5),
(93, 60, 16),
(100, 59, 23),
(100, 60, 4),
(102, 59, 22),
(102, 60, 9),
(103, 59, 19),
(103, 60, 9),
(105, 59, 18),
(105, 60, 12),
(106, 59, 24),
(106, 60, 20),
(108, 59, 11),
(108, 60, 5),
(111, 59, 23),
(111, 60, 0),
(119, 59, 8),
(119, 60, 1),
(138, 59, 22),
(138, 60, 8),
(139, 59, 2),
(139, 60, 16),
(142, 59, 23),
(142, 60, 7),
(148, 59, 21),
(148, 60, 23),
(150, 59, 31),
(150, 60, 23),
(151, 59, 3),
(151, 60, 4),
(154, 59, 16),
(154, 60, 2),
(170, 59, 0),
(170, 60, 21),
(172, 59, 6),
(172, 60, 20),
(175, 59, 16),
(175, 60, 2),
(184, 59, 22),
(184, 60, 23),
(186, 59, 22),
(186, 60, 22),
(187, 59, 2),
(187, 60, 12),
(201, 59, 25),
(201, 60, 16),
(205, 59, 11),
(205, 60, 16),
(210, 59, 13),
(210, 60, 18),
(213, 59, 27),
(213, 60, 23),
(220, 59, 19),
(220, 60, 14),
(222, 59, 10),
(222, 60, 7),
(224, 59, 28),
(224, 60, 11),
(227, 59, 4),
(227, 60, 12),
(230, 59, 26),
(230, 60, 14),
(231, 59, 22),
(231, 60, 12),
(240, 59, 3),
(240, 60, 18),
(241, 59, 22),
(241, 60, 23),
(243, 59, 10),
(243, 60, 11),
(252, 59, 11),
(252, 60, 0),
(257, 59, 17),
(257, 60, 17),
(258, 59, 18),
(258, 60, 12),
(262, 59, 20),
(262, 60, 24),
(263, 59, 25),
(263, 60, 11),
(271, 59, 4),
(271, 60, 21),
(278, 59, 3),
(278, 60, 18),
(281, 59, 33),
(281, 60, 22),
(283, 59, 3),
(283, 60, 20),
(284, 59, 13),
(284, 60, 18),
(285, 59, 0),
(285, 60, 16),
(297, 59, 28),
(297, 60, 20),
(298, 59, 27),
(298, 60, 14),
(300, 59, 0),
(300, 60, 15),
(4, 61, 17),
(4, 62, 8),
(4, 63, 7),
(4, 64, 11),
(7, 61, 17),
(7, 62, 14),
(7, 63, 6),
(7, 64, 86),
(9, 61, 1),
(9, 62, 7),
(9, 63, 12),
(9, 64, 62),
(18, 61, 15),
(18, 62, 12),
(18, 63, 13),
(18, 64, 50),
(39, 61, 41),
(39, 62, 18),
(39, 63, 2),
(39, 64, 60),
(40, 61, 6),
(40, 62, 4),
(40, 63, 6),
(40, 64, 49),
(41, 61, 38),
(41, 62, 21),
(41, 63, 3),
(41, 64, 63),
(42, 61, 36),
(42, 62, 20),
(42, 63, 10),
(42, 64, 10),
(44, 61, 0),
(44, 62, 0),
(44, 63, 15),
(44, 64, 41),
(49, 61, 8),
(49, 62, 3),
(49, 63, 6),
(49, 64, 24),
(58, 61, 26),
(58, 62, 18),
(58, 63, 5),
(58, 64, 44),
(65, 61, 38),
(65, 62, 19),
(65, 63, 12),
(65, 64, 51),
(67, 61, 0),
(67, 62, 15),
(67, 63, 6),
(67, 64, 95),
(69, 61, 21),
(69, 62, 6),
(69, 63, 14),
(69, 64, 56),
(71, 61, 2),
(71, 62, 19),
(71, 63, 14),
(71, 64, 38),
(86, 61, 23),
(86, 62, 20),
(86, 63, 12),
(86, 64, 75),
(88, 61, 34),
(88, 62, 10),
(88, 63, 7),
(88, 64, 86),
(105, 61, 30),
(105, 62, 9),
(105, 63, 4),
(105, 64, 11),
(106, 61, 29),
(106, 62, 4),
(106, 63, 16),
(106, 64, 23),
(115, 61, 34),
(115, 62, 17),
(115, 63, 11),
(115, 64, 70),
(117, 61, 31),
(117, 62, 15),
(117, 63, 13),
(117, 64, 85),
(142, 61, 41),
(142, 62, 17),
(142, 63, 2),
(142, 64, 63),
(156, 61, 8),
(156, 62, 0),
(156, 63, 17),
(156, 64, 2),
(160, 61, 10),
(160, 62, 5),
(160, 63, 13),
(160, 64, 2),
(163, 61, 40),
(163, 62, 5),
(163, 63, 15),
(163, 64, 67),
(166, 61, 38),
(166, 62, 10),
(166, 63, 7),
(166, 64, 10),
(184, 61, 2),
(184, 62, 10),
(184, 63, 11),
(184, 64, 63),
(191, 61, 41),
(191, 62, 9),
(191, 63, 4),
(191, 64, 65),
(199, 61, 13),
(199, 62, 11),
(199, 63, 12),
(199, 64, 7),
(201, 61, 12),
(201, 62, 17),
(201, 63, 3),
(201, 64, 21),
(206, 61, 36),
(206, 62, 8),
(206, 63, 18),
(206, 64, 88),
(207, 61, 8),
(207, 62, 0),
(207, 63, 10),
(207, 64, 26),
(208, 61, 36),
(208, 62, 13),
(208, 63, 14),
(208, 64, 91),
(213, 61, 17),
(213, 62, 20),
(213, 63, 3),
(213, 64, 11),
(215, 61, 13),
(215, 62, 17),
(215, 63, 8),
(215, 64, 10),
(226, 61, 16),
(226, 62, 10),
(226, 63, 2),
(226, 64, 18),
(227, 61, 33),
(227, 62, 10),
(227, 63, 4),
(227, 64, 81),
(231, 61, 31),
(231, 62, 4),
(231, 63, 6),
(231, 64, 8),
(232, 61, 12),
(232, 62, 17),
(232, 63, 14),
(232, 64, 71),
(233, 61, 22),
(233, 62, 1),
(233, 63, 11),
(233, 64, 17),
(239, 61, 32),
(239, 62, 15),
(239, 63, 6),
(239, 64, 71),
(240, 61, 0),
(240, 62, 12),
(240, 63, 7),
(240, 64, 85),
(243, 61, 11),
(243, 62, 15),
(243, 63, 14),
(243, 64, 52),
(250, 61, 6),
(250, 62, 14),
(250, 63, 1),
(250, 64, 53),
(253, 61, 3),
(253, 62, 3),
(253, 63, 15),
(253, 64, 37),
(254, 61, 32),
(254, 62, 10),
(254, 63, 3),
(254, 64, 85),
(257, 61, 21),
(257, 62, 7),
(257, 63, 14),
(257, 64, 20),
(259, 61, 7),
(259, 62, 14),
(259, 63, 8),
(259, 64, 37),
(268, 61, 27),
(268, 62, 3),
(268, 63, 1),
(268, 64, 13),
(269, 61, 19),
(269, 62, 20),
(269, 63, 14),
(269, 64, 77),
(274, 61, 37),
(274, 62, 5),
(274, 63, 14),
(274, 64, 73),
(277, 61, 33),
(277, 62, 14),
(277, 63, 18),
(277, 64, 30),
(283, 61, 19),
(283, 62, 2),
(283, 63, 16),
(283, 64, 48),
(287, 61, 38),
(287, 62, 6),
(287, 63, 11),
(287, 64, 5),
(292, 61, 22),
(292, 62, 5),
(292, 63, 8),
(292, 64, 18),
(3, 65, 56),
(3, 66, 1),
(3, 67, 29),
(3, 68, 1),
(3, 69, 37),
(12, 65, 12),
(12, 66, 15),
(12, 67, 4),
(12, 68, 19),
(12, 69, 57),
(15, 65, 7),
(15, 66, 47),
(15, 67, 49),
(15, 68, 22),
(15, 69, 73),
(30, 65, 28),
(30, 66, 55),
(30, 67, 15),
(30, 68, 22),
(30, 69, 48),
(36, 65, 8),
(36, 66, 50),
(36, 67, 1),
(36, 68, 39),
(36, 69, 46),
(40, 65, 31),
(40, 66, 2),
(40, 67, 20),
(40, 68, 9),
(40, 69, 26),
(43, 65, 15),
(43, 66, 34),
(43, 67, 17),
(43, 68, 30),
(43, 69, 13),
(45, 65, 54),
(45, 66, 25),
(45, 67, 33),
(45, 68, 20),
(45, 69, 42),
(47, 65, 32),
(47, 66, 65),
(47, 67, 43),
(47, 68, 35),
(47, 69, 28),
(48, 65, 34),
(48, 66, 41),
(48, 67, 20),
(48, 68, 37),
(48, 69, 28),
(53, 65, 32),
(53, 66, 21),
(53, 67, 20),
(53, 68, 20),
(53, 69, 61),
(54, 65, 20),
(54, 66, 78),
(54, 67, 45),
(54, 68, 0),
(54, 69, 72),
(55, 65, 59),
(55, 66, 25),
(55, 67, 2),
(55, 68, 26),
(55, 69, 22),
(56, 65, 37),
(56, 66, 57),
(56, 67, 28),
(56, 68, 21),
(56, 69, 33),
(61, 65, 56),
(61, 66, 7),
(61, 67, 33),
(61, 68, 22),
(61, 69, 4),
(75, 65, 48),
(75, 66, 22),
(75, 67, 5),
(75, 68, 37),
(75, 69, 49),
(80, 65, 12),
(80, 66, 34),
(80, 67, 25),
(80, 68, 20),
(80, 69, 8),
(85, 65, 59),
(85, 66, 20),
(85, 67, 7),
(85, 68, 18),
(85, 69, 9),
(89, 65, 16),
(89, 66, 54),
(89, 67, 36),
(89, 68, 14),
(89, 69, 38),
(91, 65, 49),
(91, 66, 36),
(91, 67, 22),
(91, 68, 26),
(91, 69, 54),
(94, 65, 32),
(94, 66, 75),
(94, 67, 20),
(94, 68, 31),
(94, 69, 44),
(95, 65, 22),
(95, 66, 60),
(95, 67, 29),
(95, 68, 2),
(95, 69, 38),
(101, 65, 19),
(101, 66, 20),
(101, 67, 24),
(101, 68, 34),
(101, 69, 73),
(102, 65, 31),
(102, 66, 10),
(102, 67, 13),
(102, 68, 5),
(102, 69, 41),
(106, 65, 57),
(106, 66, 45),
(106, 67, 38),
(106, 68, 19),
(106, 69, 26),
(108, 65, 27),
(108, 66, 69),
(108, 67, 2),
(108, 68, 4),
(108, 69, 56),
(116, 65, 33),
(116, 66, 42),
(116, 67, 27),
(116, 68, 24),
(116, 69, 0),
(133, 65, 58),
(133, 66, 22),
(133, 67, 37),
(133, 68, 18),
(133, 69, 54),
(149, 65, 17),
(149, 66, 4),
(149, 67, 42),
(149, 68, 39),
(149, 69, 19),
(151, 65, 39),
(151, 66, 26),
(151, 67, 20),
(151, 68, 5),
(151, 69, 42),
(155, 65, 0),
(155, 66, 54),
(155, 67, 2),
(155, 68, 32),
(155, 69, 17),
(162, 65, 39),
(162, 66, 9),
(162, 67, 13),
(162, 68, 23),
(162, 69, 10),
(163, 65, 49),
(163, 66, 33),
(163, 67, 4),
(163, 68, 8),
(163, 69, 22),
(164, 65, 31),
(164, 66, 79),
(164, 67, 1),
(164, 68, 24),
(164, 69, 69),
(165, 65, 11),
(165, 66, 37),
(165, 67, 3),
(165, 68, 8),
(165, 69, 26),
(166, 65, 17),
(166, 66, 45),
(166, 67, 14),
(166, 68, 3),
(166, 69, 61),
(167, 65, 48),
(167, 66, 28),
(167, 67, 8),
(167, 68, 34),
(167, 69, 72),
(173, 65, 18),
(173, 66, 1),
(173, 67, 47),
(173, 68, 35),
(173, 69, 55),
(174, 65, 46),
(174, 66, 6),
(174, 67, 11),
(174, 68, 18),
(174, 69, 54),
(183, 65, 7),
(183, 66, 57),
(183, 67, 39),
(183, 68, 1),
(183, 69, 63),
(184, 65, 57),
(184, 66, 29),
(184, 67, 43),
(184, 68, 32),
(184, 69, 54),
(185, 65, 19),
(185, 66, 61),
(185, 67, 43),
(185, 68, 8),
(185, 69, 52),
(189, 65, 10),
(189, 66, 30),
(189, 67, 14),
(189, 68, 25),
(189, 69, 42),
(193, 65, 41),
(193, 66, 56),
(193, 67, 18),
(193, 68, 34),
(193, 69, 16),
(196, 65, 7),
(196, 66, 81),
(196, 67, 25),
(196, 68, 37),
(196, 69, 37),
(200, 65, 31),
(200, 66, 5),
(200, 67, 45),
(200, 68, 18),
(200, 69, 17),
(208, 65, 60),
(208, 66, 57),
(208, 67, 31),
(208, 68, 13),
(208, 69, 33),
(210, 65, 1),
(210, 66, 74),
(210, 67, 25),
(210, 68, 31),
(210, 69, 18),
(212, 65, 43),
(212, 66, 60),
(212, 67, 22),
(212, 68, 38),
(212, 69, 45),
(216, 65, 46),
(216, 66, 78),
(216, 67, 9),
(216, 68, 2),
(216, 69, 17),
(217, 65, 20),
(217, 66, 7),
(217, 67, 41),
(217, 68, 38),
(217, 69, 58),
(225, 65, 36),
(225, 66, 37),
(225, 67, 20),
(225, 68, 14),
(225, 69, 70),
(227, 65, 32),
(227, 66, 29),
(227, 67, 43),
(227, 68, 38),
(227, 69, 42),
(231, 65, 43),
(231, 66, 60),
(231, 67, 47),
(231, 68, 9),
(231, 69, 9),
(238, 65, 31),
(238, 66, 27),
(238, 67, 7),
(238, 68, 25),
(238, 69, 25),
(248, 65, 34),
(248, 66, 58),
(248, 67, 18),
(248, 68, 32),
(248, 69, 1),
(255, 65, 48),
(255, 66, 79),
(255, 67, 40),
(255, 68, 28),
(255, 69, 25),
(261, 65, 41),
(261, 66, 5),
(261, 67, 20),
(261, 68, 33),
(261, 69, 54),
(264, 65, 30),
(264, 66, 21),
(264, 67, 33),
(264, 68, 25),
(264, 69, 41),
(266, 65, 18),
(266, 66, 32),
(266, 67, 8),
(266, 68, 15),
(266, 69, 63),
(267, 65, 1),
(267, 66, 40),
(267, 67, 38),
(267, 68, 39),
(267, 69, 2),
(273, 65, 33),
(273, 66, 79),
(273, 67, 24),
(273, 68, 32),
(273, 69, 35),
(276, 65, 0),
(276, 66, 25),
(276, 67, 42),
(276, 68, 5),
(276, 69, 9),
(278, 65, 38),
(278, 66, 21),
(278, 67, 38),
(278, 68, 4),
(278, 69, 21),
(285, 65, 35),
(285, 66, 16),
(285, 67, 42),
(285, 68, 5),
(285, 69, 57),
(290, 65, 55),
(290, 66, 20),
(290, 67, 23),
(290, 68, 5),
(290, 69, 47),
(291, 65, 28),
(291, 66, 13),
(291, 67, 32),
(291, 68, 12),
(291, 69, 47),
(295, 65, 61),
(295, 66, 52),
(295, 67, 34),
(295, 68, 18),
(295, 69, 44),
(296, 65, 21),
(296, 66, 5),
(296, 67, 32),
(296, 68, 9),
(296, 69, 71),
(10, 70, 5),
(10, 71, 29),
(10, 72, 19),
(11, 70, 1),
(11, 71, 6),
(11, 72, 9),
(14, 70, 16),
(14, 71, 36),
(14, 72, 6),
(15, 70, 3),
(15, 71, 24),
(15, 72, 4),
(17, 70, 9),
(17, 71, 36),
(17, 72, 8),
(18, 70, 12),
(18, 71, 25),
(18, 72, 19),
(32, 70, 8),
(32, 71, 30),
(32, 72, 8),
(38, 70, 6),
(38, 71, 37),
(38, 72, 14),
(39, 70, 0),
(39, 71, 41),
(39, 72, 8),
(43, 70, 3),
(43, 71, 6),
(43, 72, 0),
(44, 70, 4),
(44, 71, 19),
(44, 72, 7),
(49, 70, 1),
(49, 71, 28),
(49, 72, 12),
(50, 70, 16),
(50, 71, 39),
(50, 72, 17),
(51, 70, 4),
(51, 71, 39),
(51, 72, 20),
(52, 70, 13),
(52, 71, 13),
(52, 72, 9),
(53, 70, 15),
(53, 71, 29),
(53, 72, 7),
(62, 70, 16),
(62, 71, 2),
(62, 72, 1),
(72, 70, 7),
(72, 71, 41),
(72, 72, 0),
(74, 70, 8),
(74, 71, 40),
(74, 72, 19),
(86, 70, 16),
(86, 71, 28),
(86, 72, 16),
(110, 70, 15),
(110, 71, 18),
(110, 72, 0),
(129, 70, 2),
(129, 71, 20),
(129, 72, 5),
(134, 70, 1),
(134, 71, 20),
(134, 72, 20),
(137, 70, 15),
(137, 71, 18),
(137, 72, 2),
(143, 70, 14),
(143, 71, 33),
(143, 72, 2),
(144, 70, 10),
(144, 71, 37),
(144, 72, 9),
(145, 70, 2),
(145, 71, 33),
(145, 72, 14),
(148, 70, 6),
(148, 71, 16),
(148, 72, 11),
(160, 70, 7),
(160, 71, 15),
(160, 72, 5),
(170, 70, 9),
(170, 71, 5),
(170, 72, 9),
(171, 70, 10),
(171, 71, 25),
(171, 72, 10),
(179, 70, 14),
(179, 71, 35),
(179, 72, 2),
(180, 70, 5),
(180, 71, 10),
(180, 72, 10),
(181, 70, 16),
(181, 71, 18),
(181, 72, 14),
(184, 70, 7),
(184, 71, 11),
(184, 72, 14),
(186, 70, 3),
(186, 71, 28),
(186, 72, 8),
(192, 70, 1),
(192, 71, 42),
(192, 72, 6),
(194, 70, 14),
(194, 71, 0),
(194, 72, 6),
(196, 70, 13),
(196, 71, 28),
(196, 72, 16),
(197, 70, 2),
(197, 71, 1),
(197, 72, 19),
(199, 70, 6),
(199, 71, 37),
(199, 72, 0),
(217, 70, 4),
(217, 71, 5),
(217, 72, 9),
(231, 70, 6),
(231, 71, 4),
(231, 72, 11),
(233, 70, 13),
(233, 71, 37),
(233, 72, 3),
(243, 70, 3),
(243, 71, 44),
(243, 72, 21),
(244, 70, 13),
(244, 71, 40),
(244, 72, 14),
(245, 70, 5),
(245, 71, 37),
(245, 72, 1),
(248, 70, 6),
(248, 71, 32),
(248, 72, 8),
(251, 70, 12),
(251, 71, 34),
(251, 72, 14),
(252, 70, 3),
(252, 71, 22),
(252, 72, 12),
(257, 70, 7),
(257, 71, 41),
(257, 72, 19),
(261, 70, 2),
(261, 71, 21),
(261, 72, 11),
(265, 70, 2),
(265, 71, 31),
(265, 72, 2),
(275, 70, 13),
(275, 71, 36),
(275, 72, 11),
(280, 70, 16),
(280, 71, 14),
(280, 72, 18),
(285, 70, 16),
(285, 71, 10),
(285, 72, 2),
(287, 70, 0),
(287, 71, 17),
(287, 72, 3),
(288, 70, 3),
(288, 71, 25),
(288, 72, 3),
(290, 70, 0),
(290, 71, 40),
(290, 72, 2),
(292, 70, 11),
(292, 71, 38),
(292, 72, 2),
(293, 70, 14),
(293, 71, 15),
(293, 72, 17),
(294, 70, 16),
(294, 71, 2),
(294, 72, 4),
(11, 73, 1),
(11, 74, 31),
(11, 75, 16),
(11, 76, 26),
(14, 73, 43),
(14, 74, 20),
(14, 75, 36),
(14, 76, 0),
(19, 73, 71),
(19, 74, 10),
(19, 75, 54),
(19, 76, 20),
(20, 73, 57),
(20, 74, 13),
(20, 75, 54),
(20, 76, 59),
(24, 73, 64),
(24, 74, 23),
(24, 75, 51),
(24, 76, 44),
(26, 73, 49),
(26, 74, 40),
(26, 75, 11),
(26, 76, 35),
(30, 73, 20),
(30, 74, 29),
(30, 75, 14),
(30, 76, 38),
(31, 73, 19),
(31, 74, 23),
(31, 75, 36),
(31, 76, 77),
(33, 73, 17),
(33, 74, 33),
(33, 75, 48),
(33, 76, 38),
(47, 73, 53),
(47, 74, 7),
(47, 75, 37),
(47, 76, 19),
(51, 73, 33),
(51, 74, 40),
(51, 75, 37),
(51, 76, 48),
(66, 73, 27),
(66, 74, 43),
(66, 75, 54),
(66, 76, 38),
(78, 73, 48),
(78, 74, 37),
(78, 75, 50),
(78, 76, 37),
(81, 73, 62),
(81, 74, 37),
(81, 75, 16),
(81, 76, 68),
(95, 73, 13),
(95, 74, 24),
(95, 75, 41),
(95, 76, 37),
(96, 73, 26),
(96, 74, 37),
(96, 75, 21),
(96, 76, 12),
(105, 73, 53),
(105, 74, 21),
(105, 75, 33),
(105, 76, 33),
(106, 73, 3),
(106, 74, 3),
(106, 75, 26),
(106, 76, 43),
(107, 73, 62),
(107, 74, 12),
(107, 75, 24),
(107, 76, 47),
(109, 73, 39),
(109, 74, 14),
(109, 75, 27),
(109, 76, 40),
(114, 73, 68),
(114, 74, 36),
(114, 75, 30),
(114, 76, 44),
(120, 73, 43),
(120, 74, 2),
(120, 75, 18),
(120, 76, 59),
(128, 73, 65),
(128, 74, 10),
(128, 75, 46),
(128, 76, 50),
(129, 73, 65),
(129, 74, 18),
(129, 75, 2),
(129, 76, 39),
(130, 73, 28),
(130, 74, 30),
(130, 75, 18),
(130, 76, 33),
(131, 73, 71),
(131, 74, 9),
(131, 75, 52),
(131, 76, 39),
(135, 73, 62),
(135, 74, 42),
(135, 75, 24),
(135, 76, 16),
(139, 73, 78),
(139, 74, 16),
(139, 75, 7),
(139, 76, 62),
(142, 73, 27),
(142, 74, 13),
(142, 75, 29),
(142, 76, 19),
(146, 73, 28),
(146, 74, 13),
(146, 75, 37),
(146, 76, 56),
(151, 73, 15),
(151, 74, 29),
(151, 75, 26),
(151, 76, 30),
(154, 73, 47),
(154, 74, 38),
(154, 75, 23),
(154, 76, 30),
(167, 73, 68),
(167, 74, 16),
(167, 75, 39),
(167, 76, 1),
(168, 73, 4),
(168, 74, 41),
(168, 75, 28),
(168, 76, 51),
(175, 73, 73),
(175, 74, 12),
(175, 75, 35),
(175, 76, 17),
(176, 73, 62),
(176, 74, 32),
(176, 75, 42),
(176, 76, 15),
(177, 73, 0),
(177, 74, 36),
(177, 75, 25),
(177, 76, 60),
(180, 73, 61),
(180, 74, 19),
(180, 75, 19),
(180, 76, 36),
(183, 73, 7),
(183, 74, 7),
(183, 75, 48),
(183, 76, 71),
(188, 73, 35),
(188, 74, 9),
(188, 75, 23),
(188, 76, 12),
(198, 73, 62),
(198, 74, 41),
(198, 75, 54),
(198, 76, 22),
(199, 73, 71),
(199, 74, 23),
(199, 75, 27),
(199, 76, 46),
(201, 73, 38),
(201, 74, 28),
(201, 75, 7),
(201, 76, 10),
(202, 73, 72),
(202, 74, 13),
(202, 75, 20),
(202, 76, 17),
(208, 73, 24),
(208, 74, 8),
(208, 75, 49),
(208, 76, 26),
(211, 73, 63),
(211, 74, 37),
(211, 75, 49),
(211, 76, 32),
(221, 73, 35),
(221, 74, 37),
(221, 75, 18),
(221, 76, 62),
(226, 73, 48),
(226, 74, 20),
(226, 75, 55),
(226, 76, 67),
(231, 73, 29),
(231, 74, 0),
(231, 75, 17),
(231, 76, 32),
(235, 73, 62),
(235, 74, 14),
(235, 75, 40),
(235, 76, 39),
(247, 73, 54),
(247, 74, 27),
(247, 75, 23),
(247, 76, 20),
(257, 73, 33),
(257, 74, 34),
(257, 75, 39),
(257, 76, 40),
(260, 73, 11),
(260, 74, 32),
(260, 75, 6),
(260, 76, 36),
(263, 73, 69),
(263, 74, 7),
(263, 75, 53),
(263, 76, 57),
(268, 73, 73),
(268, 74, 18),
(268, 75, 31),
(268, 76, 63),
(287, 73, 41),
(287, 74, 11),
(287, 75, 4),
(287, 76, 65),
(290, 73, 33),
(290, 74, 12),
(290, 75, 29),
(290, 76, 50),
(293, 73, 32),
(293, 74, 5),
(293, 75, 55),
(293, 76, 14),
(296, 73, 1),
(296, 74, 28),
(296, 75, 28),
(296, 76, 13),
(299, 73, 60),
(299, 74, 31),
(299, 75, 8),
(299, 76, 17),
(3, 77, 26),
(3, 78, 56),
(16, 77, 61),
(16, 78, 67),
(26, 77, 35),
(26, 78, 6),
(31, 77, 68),
(31, 78, 20),
(55, 77, 74),
(55, 78, 67),
(56, 77, 24),
(56, 78, 0),
(57, 77, 48),
(57, 78, 32),
(60, 77, 63),
(60, 78, 23),
(73, 77, 27),
(73, 78, 53),
(75, 77, 73),
(75, 78, 70),
(76, 77, 69),
(76, 78, 43),
(78, 77, 5),
(78, 78, 66),
(98, 77, 28),
(98, 78, 36),
(99, 77, 14),
(99, 78, 68),
(106, 77, 62),
(106, 78, 3),
(108, 77, 70),
(108, 78, 32),
(111, 77, 45),
(111, 78, 57),
(114, 77, 56),
(114, 78, 21),
(115, 77, 49),
(115, 78, 73),
(118, 77, 36),
(118, 78, 74),
(119, 77, 44),
(119, 78, 50),
(121, 77, 46),
(121, 78, 19),
(123, 77, 77),
(123, 78, 62),
(124, 77, 18),
(124, 78, 0),
(127, 77, 50),
(127, 78, 22),
(151, 77, 41),
(151, 78, 31),
(157, 77, 28),
(157, 78, 39),
(163, 77, 49),
(163, 78, 61),
(167, 77, 47),
(167, 78, 17),
(177, 77, 61),
(177, 78, 15),
(179, 77, 62),
(179, 78, 10),
(185, 77, 50),
(185, 78, 68),
(188, 77, 14),
(188, 78, 7),
(193, 77, 10),
(193, 78, 52),
(194, 77, 68),
(194, 78, 10),
(198, 77, 55),
(198, 78, 56),
(202, 77, 49),
(202, 78, 58),
(203, 77, 12),
(203, 78, 17),
(205, 77, 11),
(205, 78, 48),
(212, 77, 64),
(212, 78, 59),
(214, 77, 5),
(214, 78, 26),
(230, 77, 24),
(230, 78, 2),
(231, 77, 6),
(231, 78, 63),
(233, 77, 25),
(233, 78, 52),
(236, 77, 2),
(236, 78, 43),
(240, 77, 31),
(240, 78, 47),
(241, 77, 2),
(241, 78, 6),
(243, 77, 31),
(243, 78, 39),
(252, 77, 28),
(252, 78, 16),
(253, 77, 49),
(253, 78, 73),
(255, 77, 68),
(255, 78, 59),
(258, 77, 43),
(258, 78, 21),
(274, 77, 6),
(274, 78, 45),
(277, 77, 58),
(277, 78, 42),
(286, 77, 63),
(286, 78, 48),
(293, 77, 47),
(293, 78, 9),
(294, 77, 10),
(294, 78, 31),
(18, 79, 16),
(18, 80, 22),
(20, 79, 52),
(20, 80, 8),
(23, 79, 39),
(23, 80, 24),
(27, 79, 33),
(27, 80, 10),
(35, 79, 7),
(35, 80, 14),
(46, 79, 48),
(46, 80, 20),
(48, 79, 39),
(48, 80, 11),
(51, 79, 17),
(51, 80, 23),
(57, 79, 16),
(57, 80, 9),
(59, 79, 19),
(59, 80, 20),
(62, 79, 30),
(62, 80, 27),
(71, 79, 5),
(71, 80, 18),
(76, 79, 6),
(76, 80, 2),
(77, 79, 25),
(77, 80, 4),
(86, 79, 25),
(86, 80, 4),
(89, 79, 36),
(89, 80, 27),
(92, 79, 27),
(92, 80, 18),
(96, 79, 52),
(96, 80, 8),
(106, 79, 76),
(106, 80, 11),
(112, 79, 59),
(112, 80, 7),
(114, 79, 74),
(114, 80, 11),
(129, 79, 60),
(129, 80, 8),
(136, 79, 13),
(136, 80, 22),
(137, 79, 40),
(137, 80, 3),
(140, 79, 9),
(140, 80, 12),
(144, 79, 47),
(144, 80, 23),
(146, 79, 55),
(146, 80, 28),
(147, 79, 45),
(147, 80, 3),
(156, 79, 58),
(156, 80, 14),
(159, 79, 22),
(159, 80, 22),
(164, 79, 13),
(164, 80, 2),
(165, 79, 73),
(165, 80, 7),
(166, 79, 11),
(166, 80, 16),
(169, 79, 46),
(169, 80, 22),
(171, 79, 43),
(171, 80, 3),
(176, 79, 75),
(176, 80, 21),
(180, 79, 76),
(180, 80, 12),
(181, 79, 22),
(181, 80, 24),
(183, 79, 38),
(183, 80, 23),
(185, 79, 27),
(185, 80, 18),
(188, 79, 71),
(188, 80, 28),
(191, 79, 11),
(191, 80, 13),
(192, 79, 23),
(192, 80, 5),
(194, 79, 75),
(194, 80, 6),
(197, 79, 18),
(197, 80, 11),
(198, 79, 42),
(198, 80, 19),
(199, 79, 49),
(199, 80, 27),
(203, 79, 51),
(203, 80, 23),
(211, 79, 61),
(211, 80, 18),
(217, 79, 22),
(217, 80, 21),
(229, 79, 67),
(229, 80, 23),
(230, 79, 71),
(230, 80, 19),
(231, 79, 27),
(231, 80, 8),
(238, 79, 49),
(238, 80, 18),
(255, 79, 42),
(255, 80, 12),
(260, 79, 59),
(260, 80, 5),
(264, 79, 16),
(264, 80, 12),
(267, 79, 14),
(267, 80, 27),
(268, 79, 51),
(268, 80, 16),
(270, 79, 10),
(270, 80, 14),
(276, 79, 72),
(276, 80, 18),
(279, 79, 70),
(279, 80, 19),
(284, 79, 71),
(284, 80, 26),
(289, 79, 46),
(289, 80, 21),
(292, 79, 66),
(292, 80, 7),
(297, 79, 23),
(297, 80, 3),
(8, 81, 23),
(8, 82, 34),
(8, 83, 21),
(12, 81, 13),
(12, 82, 6),
(12, 83, 20),
(13, 81, 32),
(13, 82, 80),
(13, 83, 4),
(14, 81, 22),
(14, 82, 72),
(14, 83, 28),
(16, 81, 10),
(16, 82, 49),
(16, 83, 30),
(17, 81, 22),
(17, 82, 28),
(17, 83, 17),
(27, 81, 32),
(27, 82, 83),
(27, 83, 8),
(28, 81, 24),
(28, 82, 58),
(28, 83, 19),
(43, 81, 31),
(43, 82, 44),
(43, 83, 4),
(58, 81, 31),
(58, 82, 63),
(58, 83, 31),
(61, 81, 33),
(61, 82, 86),
(61, 83, 33),
(68, 81, 21),
(68, 82, 9),
(68, 83, 20),
(77, 81, 10),
(77, 82, 58),
(77, 83, 34),
(88, 81, 21),
(88, 82, 33),
(88, 83, 13),
(92, 81, 33),
(92, 82, 38),
(92, 83, 16),
(93, 81, 23),
(93, 82, 15),
(93, 83, 21),
(103, 81, 17),
(103, 82, 23),
(103, 83, 20),
(105, 81, 13),
(105, 82, 69),
(105, 83, 33),
(110, 81, 27),
(110, 82, 88),
(110, 83, 8),
(120, 81, 30),
(120, 82, 27),
(120, 83, 5),
(124, 81, 13),
(124, 82, 24),
(124, 83, 26),
(129, 81, 29),
(129, 82, 30),
(129, 83, 29),
(131, 81, 1),
(131, 82, 49),
(131, 83, 0),
(139, 81, 10),
(139, 82, 64),
(139, 83, 18),
(143, 81, 27),
(143, 82, 10),
(143, 83, 0),
(145, 81, 29),
(145, 82, 36),
(145, 83, 13),
(149, 81, 34),
(149, 82, 2),
(149, 83, 2),
(151, 81, 3),
(151, 82, 48),
(151, 83, 8),
(153, 81, 31),
(153, 82, 15),
(153, 83, 25),
(160, 81, 21),
(160, 82, 82),
(160, 83, 9),
(161, 81, 25),
(161, 82, 34),
(161, 83, 28),
(162, 81, 3),
(162, 82, 91),
(162, 83, 23),
(164, 81, 16),
(164, 82, 12),
(164, 83, 0),
(165, 81, 15),
(165, 82, 78),
(165, 83, 4),
(167, 81, 19),
(167, 82, 68),
(167, 83, 19),
(170, 81, 33),
(170, 82, 37),
(170, 83, 22),
(173, 81, 20),
(173, 82, 41),
(173, 83, 3),
(176, 81, 23),
(176, 82, 67),
(176, 83, 17),
(177, 81, 2),
(177, 82, 20),
(177, 83, 19),
(180, 81, 32),
(180, 82, 81),
(180, 83, 22),
(184, 81, 19),
(184, 82, 43),
(184, 83, 14),
(188, 81, 27),
(188, 82, 58),
(188, 83, 21),
(191, 81, 20),
(191, 82, 33),
(191, 83, 10),
(196, 81, 26),
(196, 82, 68),
(196, 83, 22),
(200, 81, 17),
(200, 82, 29),
(200, 83, 2),
(210, 81, 9),
(210, 82, 9),
(210, 83, 18),
(211, 81, 27),
(211, 82, 16),
(211, 83, 15),
(236, 81, 25),
(236, 82, 40),
(236, 83, 29),
(246, 81, 26),
(246, 82, 50),
(246, 83, 24),
(248, 81, 1),
(248, 82, 38),
(248, 83, 23),
(249, 81, 11),
(249, 82, 0),
(249, 83, 18),
(255, 81, 22),
(255, 82, 59),
(255, 83, 29),
(262, 81, 9),
(262, 82, 23),
(262, 83, 19),
(264, 81, 11),
(264, 82, 22),
(264, 83, 17),
(268, 81, 29),
(268, 82, 5),
(268, 83, 13),
(273, 81, 18),
(273, 82, 38),
(273, 83, 21),
(276, 81, 8),
(276, 82, 76),
(276, 83, 4),
(277, 81, 25),
(277, 82, 72),
(277, 83, 33),
(278, 81, 1),
(278, 82, 31),
(278, 83, 11),
(283, 81, 29),
(283, 82, 29),
(283, 83, 34),
(287, 81, 5),
(287, 82, 25),
(287, 83, 20);

-- --------------------------------------------------------

--
-- Table structure for table `students`
--

CREATE TABLE `students` (
  `student_id` int(11) NOT NULL,
  `username` varchar(50) NOT NULL,
  `password` varchar(50) NOT NULL,
  `email` varchar(100) NOT NULL,
  `first_name` varchar(50) DEFAULT NULL,
  `last_name` varchar(50) DEFAULT NULL,
  `date_of_birth` date DEFAULT NULL,
  `address` varchar(255) DEFAULT NULL
) ENGINE=InnoDB DEFAULT CHARSET=utf8 COLLATE=utf8_general_ci;

--
-- Dumping data for table `students`
--

INSERT INTO `students` (`student_id`, `username`, `password`, `email`, `first_name`, `last_name`, `date_of_birth`, `address`) VALUES
(1, 'connoryoung', '%6yC%MItNW', 'gmosley@example.org', 'Steven', 'TaylorBrent', '2002-07-19', '17413 Reed Fields\nPort Matthewville, AK 94984'),
(2, 'isaac27', '#)8UkAgqLO', 'russell32@example.com', 'Micheal', 'ShermanTrevor', '2004-05-13', '537 Kenneth Valleys\nToniville, NV 30996'),
(3, 'smithamanda', '%4QkH7ZQta', 'williamsjacob@example.org', 'Bonnie', 'BensonDavid', '2004-01-03', '73913 Burton Land\nSmithport, AR 30244'),
(4, 'brownkimberly', '$UhRRwFMj3', 'diazdebra@example.net', 'Michael', 'HardyCarl', '2006-05-10', '87301 Hunter Corner\nEricport, VT 08038'),
(5, 'wvasquez', '_6JO2ap6Qp', 'jeffreycastaneda@example.org', 'Sarah', 'DanielsChad', '2004-04-22', '663 Landry Plaza Apt. 123\nWest Brian, SC 04963'),
(6, 'hamiltonchelsey', 'C+)70Oeqb#', 'cookashley@example.net', 'Jose', 'LeonGavin', '2002-01-08', '7732 Nancy Gateway Apt. 004\nSamuelville, OH 28802'),
(7, 'jason16', 'cD#6TXgw0(', 'jeffreygoodman@example.com', 'Jason', 'AguirreDavid', '2001-11-10', '8488 Solomon Ports Suite 948\nPort Whitney, TN 58931'),
(8, 'jessicaabbott', '@YhOW5uo5j', 'jacksondarryl@example.com', 'Terri', 'WilliamsonPaula', '2001-06-22', '50297 Thomas Alley Apt. 528\nKimberlymouth, MP 97305'),
(9, 'jacob90', '$1eNCgoOYb', 'susangraham@example.org', 'Michael', 'SanchezKimberly', '2003-12-04', '01227 Kelly Trace\nAndrewhaven, NY 86670'),
(10, 'benjaminwalters', '5^1ZK3sUkw', 'dawn01@example.net', 'Rose', 'TurnerJennifer', '2002-05-11', '1332 Gutierrez Trail\nFranklinmouth, NH 87527'),
(11, 'robinsonkathryn', '9%d04Xijp)', 'kylie47@example.org', 'Mark', 'LawsonJasmine', '1999-01-29', '229 Gould Manors\nLisamouth, MI 22872'),
(12, 'sharongreen', ')Fslb6MwTK', 'cynthia36@example.com', 'William', 'MoranLinda', '2005-10-01', '992 Steven Plains Suite 802\nRodriguezborough, CA 13673'),
(13, 'lreyes', 'zo8pBYotl_', 'xbush@example.net', 'Robert', 'MartinMelissa', '2005-07-02', 'USNS Bailey\nFPO AE 19950'),
(14, 'joseph66', '#_5JDtdjN3', 'spencerjennifer@example.com', 'Jasmin', 'WilliamsRobert', '2000-05-07', 'Unit 1203 Box 1673\nDPO AE 34070'),
(15, 'reedbarbara', 'cow4FLjo!d', 'zacharyjohnson@example.com', 'James', 'BallBrooke', '1999-03-11', '20687 Thompson Inlet\nJackview, AK 02769'),
(16, 'wtaylor', 'v4QTozry%i', 'william27@example.org', 'Kevin', 'RosalesMark', '2001-01-20', '9038 Richardson Key\nKelleyhaven, AK 90761'),
(17, 'barberjack', 's@4GhUqUyv', 'charleskendra@example.org', 'Austin', 'LeeLisa', '2001-12-23', '86926 Black Garden Apt. 706\nRichardsonport, ME 60453'),
(18, 'debragentry', '*6%Z6C7ozy', 'kevin33@example.com', 'Nicole', 'BuckleyMark', '1998-10-08', '1113 Lawson Causeway Apt. 504\nPort Michael, PA 31266'),
(19, 'evillanueva', 'AL911NXq$v', 'agraham@example.com', 'Thomas', 'BarronDaniel', '2002-02-11', '095 Peter Shoal Apt. 249\nNew Roberta, KY 05221'),
(20, 'bakerdavid', '%2vXwgMVwu', 'allenmann@example.net', 'Tammy', 'RyanJeffrey', '1998-07-09', '366 James Parkways\nLake Gregory, ND 26902'),
(21, 'mgarcia', 'Y3SI*IZz(Q', 'leejohn@example.net', 'Laurie', 'HeathBrian', '2003-05-08', '202 George Points Suite 495\nRachelburgh, NE 78633'),
(22, 'ashley38', 'I_8R#hyB@e', 'ygreen@example.org', 'Sharon', 'AndrewsKatherine', '1998-10-26', '3862 Kathy Roads Suite 997\nLake Amber, AZ 33984'),
(23, 'edwardsjamie', '43TAJzeB)F', 'bryan67@example.com', 'Brianna', 'ContrerasJohn', '2006-05-10', 'USS Brown\nFPO AE 46534'),
(24, 'awilson', '*($A8mNj42', 'patricia64@example.org', 'Hannah', 'GriffithLisa', '2004-07-10', '968 Johnson Flats Apt. 262\nNorth Gregory, ME 63108'),
(25, 'dominicchandler', '%6&abBDu#h', 'janet49@example.org', 'Christopher', 'GutierrezAmanda', '2004-12-27', '26996 Monica Rapid\nAndreastad, MO 75423'),
(26, 'jennifer33', 'F#3qaXtkYx', 'hannah79@example.org', 'Stacy', 'MezaDanny', '2001-05-21', '8090 Robinson Grove Suite 814\nEast James, MN 89329'),
(27, 'beverly60', '4_Ex7QsQQD', 'lisa09@example.com', 'Nathan', 'BryantDevin', '2005-06-24', '549 Jessica Cliffs\nPort Cherylview, CT 35851'),
(28, 'watsonjennifer', 't#L9SMCjDN', 'michaelbarnes@example.com', 'Tony', 'HamiltonWhitney', '2005-11-06', '763 Michelle Valley Apt. 625\nNorth Ronald, TX 26900'),
(29, 'uharris', 'NC8&+Vd2O*', 'bwhite@example.org', 'David', 'FordHerbert', '1999-03-24', 'PSC 3898, Box 9660\nAPO AE 27426'),
(30, 'bruce19', 'cE2IzIk+&4', 'brandtkristen@example.net', 'Robert', 'GrimesSarah', '2005-12-18', '9192 Wolfe Creek\nWest Brandon, AS 35956'),
(31, 'tinahowe', '$+63MkYq^q', 'tracygray@example.net', 'Thomas', 'BrownLori', '2002-11-28', '92733 Frances Road Apt. 731\nOwenport, PA 56989'),
(32, 'hwashington', 'k8k@JJ^f!l', 'sanderson@example.com', 'Brandon', 'BarnesStephanie', '2004-12-21', '27862 Jeffrey Bridge\nMarkside, FM 12996'),
(33, 'bernardmelissa', 'XNwn34+vb)', 'robert92@example.com', 'Shelby', 'NewmanTina', '2000-04-11', '7655 Jeffrey Pike Apt. 136\nSouth Stephaniefurt, IL 05883'),
(34, 'mitchellolivia', '@VEpa+020M', 'lbarnett@example.org', 'Teresa', 'BrownAndrew', '2000-12-06', '3411 Victoria Drive Suite 955\nPerezfurt, AZ 23094'),
(35, 'nicole28', '3&d#5IKI2t', 'kbentley@example.com', 'Anthony', 'KaiserScott', '2000-11-17', 'Unit 1968 Box 9355\nDPO AP 79757'),
(36, 'garciakenneth', 'i(G9PLi_gR', 'brownjacob@example.net', 'Matthew', 'MortonKelly', '1998-11-25', '55231 Reynolds Turnpike Suite 888\nRyanville, OK 67957'),
(37, 'morganbenton', '*7+U12s7xS', 'rbennett@example.org', 'Samuel', 'HernandezSara', '2006-01-08', '6517 Alejandra Point Suite 575\nFrenchton, AZ 89906'),
(38, 'troytucker', '%2L2ZoPxs0', 'alexander10@example.org', 'Jessica', 'DavisMary', '2004-09-12', '118 Angel Underpass Apt. 652\nWest Sharon, NH 69004'),
(39, 'ashley91', 'fW6J!zLq@R', 'xbrown@example.net', 'Bailey', 'BryantSusan', '2003-04-24', '751 Kelly Junctions\nWest Jo, NY 98085'),
(40, 'farleygregory', '+nWbflDI2V', 'lparker@example.com', 'Zachary', 'MacdonaldSamuel', '2002-04-30', '41425 Allen Throughway Suite 889\nKellychester, AR 37272'),
(41, 'watsoncarol', '$8wEzv_R$j', 'vkennedy@example.org', 'Carl', 'LarsonCody', '2005-02-09', '427 Teresa Prairie\nAmandaton, NE 28251'),
(42, 'daniellejames', '$9GyDNDz#w', 'cruzjohn@example.net', 'Kelsey', 'RamosAshley', '2005-07-25', '8853 Christopher Parks\nEast Sharonfurt, KY 78390'),
(43, 'reesejoseph', '##S+ac$C7!', 'gooddavid@example.net', 'Devon', 'WileyJames', '1999-04-10', '280 Buckley Parkways\nMichaelfort, IL 97356'),
(44, 'charris', '%P6xFLzgmH', 'terryrobert@example.org', 'Elizabeth', 'GutierrezRobert', '2002-10-02', '849 Caldwell Valley Suite 327\nNorth Heather, SD 17782'),
(45, 'psanders', 'yg6%sLqiz&', 'schroederlori@example.net', 'Zachary', 'LopezJoseph', '2000-04-22', '65747 Angela Dam\nSouth Anne, NH 65016'),
(46, 'bradlindsey', '+1m&&DTruH', 'wilsonchristopher@example.com', 'Ashley', 'MurphyMelody', '2003-04-24', '04989 Brian Path\nPort Kristen, MD 10384'),
(47, 'christopherblair', 'zsS(6Pxdt0', 'angelalopez@example.com', 'Sean', 'WalkerDavid', '2003-06-20', '62491 Leah Courts Suite 350\nEast Pamelafort, CA 14829'),
(48, 'mary20', '&HKuT8Ww%T', 'cohenmichelle@example.org', 'Katherine', 'JimenezWesley', '2004-11-28', '8349 Ann Walks Suite 729\nMosleyfort, LA 79684'),
(49, 'yshelton', 'u6DX4CJx&c', 'elizabethmolina@example.org', 'Joshua', 'TaylorBlake', '2002-08-13', '726 Jerry Forks Suite 324\nWesleymouth, ND 77950'),
(50, 'browndavid', '@h30^@Pio^', 'arthurmorgan@example.net', 'Tracy', 'ThomasAaron', '2000-06-02', '35252 Patterson Key\nAmyhaven, PA 94056'),
(51, 'ewingaaron', '#H7mO#lRF6', 'ralphjacobs@example.net', 'Michael', 'HernandezBrandi', '2005-05-03', '716 Mark Lakes\nPhillipburgh, NM 62825'),
(52, 'ochapman', '_@8Ei&kyxg', 'ashleyalvarado@example.org', 'Paula', 'GomezCraig', '1999-03-05', '499 Sherry Summit Apt. 630\nValerieview, AZ 78413'),
(53, 'michellegoodman', 'qlM8KjjO*_', 'sherritran@example.net', 'Roy', 'MartinezBlake', '1999-03-13', '09419 Travis Green\nCollierberg, CA 36973'),
(54, 'mmaddox', 'ubqDKlRG_7', 'elizabethhayes@example.com', 'Jeremy', 'MccallLarry', '2006-04-26', '949 Villarreal Road Apt. 797\nMorganland, VT 52443'),
(55, 'danasmith', '_xYcDXsa3I', 'mccarthymatthew@example.org', 'Michael', 'JonesChris', '2003-01-24', '4197 Dennis Mountain\nNew Brendamouth, NE 36556'),
(56, 'vcraig', '+%pR)ZhC3v', 'ethomas@example.net', 'Kimberly', 'PattonJennifer', '1998-08-30', '2505 Ruiz Cape\nLake Gary, ID 89225'),
(57, 'smithanthony', '(emB0JSBa6', 'solisseth@example.net', 'Dawn', 'AndersonAlexander', '2004-08-18', '6462 Wayne Camp\nNorth Allenhaven, IL 23675'),
(58, 'ealexander', 'auC0xiUh*)', 'lauren46@example.org', 'Michael', 'JohnsonKatrina', '2001-09-26', '714 Hooper Junctions\nReynoldschester, MI 54688'),
(59, 'teresa19', 'h+1J&Kx@Lm', 'nhall@example.org', 'Sharon', 'FaulknerVictor', '1998-09-10', '846 Brooks Crossroad Suite 810\nPhilipburgh, FM 47260'),
(60, 'xcurtis', '#0Kzn5eou)', 'gibsondaniel@example.com', 'Maria', 'BrownJohn', '1999-04-18', '1862 Jodi Estate Suite 573\nGinaport, PA 11728'),
(61, 'zferguson', 'w)0x^*WE3e', 'glennwilkerson@example.org', 'Elizabeth', 'PetersonSherry', '2004-05-12', '51147 Stephanie Island Suite 213\nWest Crystal, VA 70267'),
(62, 'swells', '!X$0lO%f%M', 'pottergabriella@example.com', 'William', 'KennedySteven', '2004-08-26', 'PSC 3473, Box 9594\nAPO AE 71938'),
(63, 'josephwhite', '(3U(xoiXq4', 'richard09@example.net', 'Jennifer', 'ColonChristopher', '1998-06-05', '8884 Hogan Crossing\nPort Michelle, VT 72081'),
(64, 'campbellkimberly', 'phvVds6t$5', 'michaeljohnson@example.org', 'Tiffany', 'BrooksRebekah', '2004-05-25', '52916 Colon Roads\nLake Christian, PW 29612'),
(65, 'campbellanne', '$7_FBeRhlZ', 'nathanrobertson@example.com', 'Jessica', 'HunterDavid', '1999-06-04', '1376 Clark Junction Apt. 690\nMcdanielland, CA 45402'),
(66, 'bernard92', '+!fKcpa&a3', 'charlestaylor@example.net', 'Steven', 'HamptonJason', '1999-04-04', '58477 William Camp Suite 344\nDominguezstad, PR 21794'),
(67, 'castillomelissa', '1wX)Denj(1', 'tammycarrillo@example.org', 'Crystal', 'WiseElizabeth', '2005-02-12', '341 Samuel Causeway Apt. 504\nNew Michael, CO 14001'),
(68, 'brittany86', '+6hpnFFgNO', 'zallen@example.com', 'David', 'HughesLaura', '2002-07-19', '817 Stokes Rapids\nTimothyberg, SD 58828'),
(69, 'stevenswanda', '^zxeN&kVn5', 'tonymorales@example.org', 'Victoria', 'BurnettAlexandra', '2005-03-01', 'PSC 0708, Box 0624\nAPO AP 13678'),
(70, 'clementssara', '!$z&CfQ4I7', 'david42@example.net', 'Lori', 'TuckerChloe', '2004-12-09', '26746 Lisa Falls Suite 969\nNorth Aaronland, NH 06188'),
(71, 'alison73', '^7Q6brvvgw', 'kobrien@example.net', 'Brianna', 'GrahamMark', '2004-11-23', '76681 Christina Streets Apt. 795\nDavidview, AL 71865'),
(72, 'williamscory', '3S!A8YHqp!', 'robert48@example.net', 'Kathleen', 'NavarroJulie', '2003-05-27', '113 Linda Field\nWest Pamela, SD 60954'),
(73, 'davidmoran', '+KDusMv&x7', 'nmoore@example.com', 'Johnathan', 'RoweKathleen', '2001-05-24', '20000 Huff Ferry Apt. 900\nLake Lorraineburgh, SD 73371'),
(74, 'porterkelly', '3%J3SH+ijH', 'obrienjames@example.net', 'Sean', 'JohnsonGeorge', '1998-06-21', '966 Tyler Loaf Apt. 249\nLake Michelle, NV 26858'),
(75, 'fyoung', 'd+C9pQMy$D', 'benjaminreed@example.org', 'Debra', 'TurnerWhitney', '2002-10-11', '72181 Michael Turnpike\nJonesfurt, MS 84627'),
(76, 'davisdaniel', 'ftC0AZLh*6', 'brianroman@example.org', 'Jordan', 'ParkerDylan', '1998-05-27', '159 Mary Springs Suite 054\nSouth Penny, WI 61739'),
(77, 'thompsonlisa', 'sDwpHka1+6', 'leonriley@example.org', 'Gregory', 'SellersEmily', '2002-02-07', '012 Craig Expressway\nEast Shannon, AK 67794'),
(78, 'reneeperez', 'JH5L0Zdk@T', 'ifields@example.org', 'David', 'LewisMichael', '2002-08-24', '952 Shannon Manor\nWest Stephaniebury, IL 92996'),
(79, 'martinezrobert', '&v64HqGq_W', 'pwright@example.net', 'April', 'CohenPatrick', '2000-09-13', '7150 Jones Glens Suite 292\nEast Joseph, AS 28828'),
(80, 'yking', 'A7wPuE+L_p', 'tcarter@example.net', 'Alyssa', 'RojasAnthony', '2006-02-07', '350 White Freeway\nAmandaton, MH 33045'),
(81, 'stephaniebolton', 'Z%cT8_FoX@', 'mcbridelauren@example.net', 'Dustin', 'SantanaPatricia', '2000-08-15', '60529 Nichols Wells Apt. 049\nTranshire, MD 68625'),
(82, 'vriggs', 'g(8au5Ir!I', 'fking@example.net', 'Jonathon', 'McconnellMartin', '2005-10-07', '04386 Simpson Port Suite 252\nSouth Johnberg, FL 04369'),
(83, 'glassjohn', 'F_9Drh4MyB', 'garciavincent@example.com', 'Brenda', 'AndersonLaura', '2002-03-12', '5426 Jimmy Glen Apt. 600\nWest Oscar, DC 43837'),
(84, 'mcastro', '$vBea4Dgv2', 'umorgan@example.net', 'Christopher', 'RiveraTamara', '1998-08-07', '295 Benjamin Overpass\nSouth Andrewmouth, NJ 09126'),
(85, 'russellcunningham', '*h8jK7uld#', 'brianflores@example.org', 'Joseph', 'ThompsonDonald', '1999-08-15', 'Unit 3635 Box 3358\nDPO AP 91825'),
(86, 'lauren67', 'j88kEZnn@v', 'smithmary@example.com', 'Sergio', 'FullerJesse', '2001-08-20', '0207 Simmons Ports Apt. 224\nLake Johnstad, LA 05857'),
(87, 'masonjeremy', '!JEnh(cFt8', 'acurry@example.com', 'David', 'BrownMiguel', '2005-06-10', '733 Robert View Suite 090\nMariaport, MI 45060'),
(88, 'laurenscott', '^0dy_@Kt#p', 'yburgess@example.org', 'Katie', 'JacksonAlex', '2000-08-19', '9740 Williams Rest\nWest Devin, DC 93709'),
(89, 'andersonsamantha', 'NAgoW0zk@0', 'ggrant@example.org', 'Clinton', 'WangJoseph', '2004-07-02', '7003 Garcia Walk Apt. 545\nEast Michellefurt, CT 38621'),
(90, 'ecarlson', '+70q(0Ez!J', 'joshuaharris@example.net', 'Bradley', 'BrownNicholas', '1998-09-23', '953 Chad Mill\nRichardburgh, NH 62141'),
(91, 'jdunn', '^^BVcFwI_2', 'cooperjeremy@example.org', 'Frank', 'CortezLisa', '1998-12-31', '89356 Mark Road\nPeggyland, WY 01733'),
(92, 'billy36', '&+M91LPxDT', 'susanstein@example.net', 'Leah', 'WatsonBrandon', '2001-08-20', '7825 Harris Stream Suite 217\nNicoleberg, SD 55431'),
(93, 'mary94', '@3DO(_n+mW', 'sfreeman@example.com', 'Joshua', 'RodriguezJames', '2002-10-04', '266 Powell Tunnel\nHickmanburgh, AS 73206'),
(94, 'steven56', 'iA2N!qIv^i', 'elizabeth51@example.net', 'Bill', 'GarciaCathy', '2005-06-30', '9998 Winters Forges\nPort Charles, GU 55405'),
(95, 'bushjessica', 'Vrj3uRv#(^', 'allenkatherine@example.net', 'Devin', 'MathisCatherine', '2002-09-02', '740 Benjamin Plain Apt. 273\nMarshburgh, TN 12712'),
(96, 'walkerronald', '9B09kFhya(', 'dbush@example.net', 'Michael', 'DelgadoRyan', '2002-07-24', '4643 Fisher Ferry\nLake Cheryl, NC 28797'),
(97, 'tle', '&FOn#Fp^6Z', 'gary39@example.com', 'Dawn', 'MorrisonSusan', '2000-08-27', '28317 Hernandez Green\nMichellestad, WA 49704'),
(98, 'heather20', 'Nu$^4NXj@V', 'elizabeth35@example.com', 'Glenn', 'PrinceKelly', '2005-09-06', '1272 Kelly Vista Apt. 336\nBakerborough, OH 74498'),
(99, 'matthew83', '&16fGCNv1I', 'toddgonzalez@example.com', 'Stephanie', 'SanchezLisa', '2004-02-28', '2324 Walters Wells Suite 188\nKevinhaven, NV 05075'),
(100, 'tammy64', 'l06mPNpq%i', 'hsnyder@example.com', 'Michael', 'RobinsonJohn', '2000-01-29', '9164 Chen Run\nYoungton, CT 39023'),
(101, 'gibsonmichelle', 'GE0kNClg$W', 'ajones@example.net', 'Mariah', 'PaulCynthia', '2003-12-25', '274 Mark Avenue\nSouth Keithbury, MH 22064'),
(102, 'amanda74', ')pzYE1uk6t', 'flucas@example.com', 'Carl', 'SchneiderSusan', '2003-06-03', '6100 Erica Ports\nJamesfort, VI 72100'),
(103, 'tarajohnson', '(abo!8WoK*', 'laura40@example.net', 'Jeffrey', 'MyersPhillip', '1999-02-11', '039 Joshua Rest Apt. 020\nChantown, VI 02486'),
(104, 'jacksonkenneth', '30N%9JnofS', 'fruiz@example.org', 'Christopher', 'JordanJasmine', '1999-02-15', '9710 Saunders Forge\nEast Christopherstad, CT 99768'),
(105, 'martinezlinda', '(IlW&HWb91', 'erinbrady@example.com', 'Lawrence', 'VargasAlicia', '2006-03-30', 'Unit 2594 Box 0364\nDPO AA 49435'),
(106, 'coreymarshall', '$7w_0YSjc0', 'anthonydiaz@example.com', 'Angela', 'WalkerCassandra', '2001-03-15', '8330 Vang Inlet\nNorth Tamaratown, KY 76060'),
(107, 'rharris', '+oUYGGb99^', 'jamesknapp@example.com', 'Scott', 'CookRenee', '1999-12-03', '828 Emily Coves Suite 498\nPort Amyside, MO 88180'),
(108, 'agutierrez', 'x6WM_FbW!l', 'rwoodward@example.org', 'Christina', 'JacobsCheryl', '2001-05-20', '0146 James Forks\nTomshire, VA 36732'),
(109, 'lawrence29', '%7lsGn7b%3', 'newtonclifford@example.com', 'Emma', 'CarpenterKristin', '2001-04-19', '75641 Byrd Ford\nSouth Josephmouth, KS 45677'),
(110, 'christopherjames', 'JsXER2Zw(#', 'erin37@example.net', 'Shelley', 'WilsonAmy', '1999-05-21', '007 Cheryl Orchard\nNew Georgeborough, IA 79092'),
(111, 'marco33', '&62LGu!kPu', 'ronald55@example.org', 'Todd', 'WalkerJoseph', '2004-09-01', 'Unit 4761 Box 1624\nDPO AA 94853'),
(112, 'sarah07', '3IN2YSsyM_', 'yolandawood@example.com', 'Lawrence', 'VincentAnthony', '2000-06-11', '76761 Boyd Greens\nSmithtown, KS 72801'),
(113, 'davidhicks', 't(7)TWz^Im', 'tylerpatterson@example.net', 'Kevin', 'MitchellBryce', '1999-05-22', '5277 Wright Light Suite 668\nRileyside, VA 35535'),
(114, 'heather31', 'LH+8PtdP5A', 'jennifer26@example.org', 'Amber', 'JohnsonManuel', '2005-01-06', '985 Drake Ferry\nStephaniehaven, OH 98238'),
(115, 'ericclark', '13S3YZy*(V', 'tylerhurley@example.org', 'Tony', 'SparksRegina', '2000-12-31', '354 James Island Apt. 206\nPerkinsstad, OH 47624'),
(116, 'jermaine93', '$6CT@tqqc9', 'rickey78@example.org', 'Brandon', 'ReyesCody', '2005-11-06', '027 Mcintosh Street\nEricmouth, DE 51884'),
(117, 'ewingkristina', 'J7LQ(i6z*#', 'stevensdavid@example.com', 'Daniel', 'HernandezCourtney', '2004-08-30', '9971 Vargas Trail Apt. 452\nSouth Cheryl, VI 37074'),
(118, 'natashamayo', '$V#4EFl#7c', 'berrymegan@example.org', 'David', 'LewisMadison', '2005-06-05', '933 Graham Lake\nAlyssaport, DC 29475'),
(119, 'melaniemorton', '904MUyj3#c', 'jessicamcbride@example.org', 'Adrian', 'MccoyBrittany', '2000-04-09', '842 Church Pines Suite 812\nLake Edwardbury, FL 68585'),
(120, 'ghartman', '3s+8g9On7F', 'christinejacobs@example.com', 'Kimberly', 'KiddMichael', '2004-04-03', 'USS Grant\nFPO AE 24559'),
(121, 'rachel86', '&^83+%do6B', 'umorgan@example.org', 'Tanya', 'BakerCalvin', '2002-01-07', '63739 Laura Crest\nPort Robertton, IN 02172'),
(122, 'micheal58', 'j8n_Cy#Y_z', 'donna52@example.net', 'Kristin', 'BurkeAustin', '2003-11-24', '255 Martinez Burgs Apt. 313\nEast Tracimouth, WV 43733'),
(123, 'aaronmarshall', 'V#n&6RjlS@', 'kellygarcia@example.net', 'Aaron', 'BenjaminJesus', '2004-08-27', '841 John Haven Apt. 150\nLake Shannonton, WY 78164'),
(124, 'monique15', 'AaDa1Y3G%5', 'stacy16@example.com', 'Richard', 'McmillanRobert', '1999-04-19', '43321 Edwards Brooks Suite 304\nMarioport, HI 22044'),
(125, 'qgreene', '#*9$pLJm1L', 'mitchell38@example.org', 'Eric', 'BeardMichael', '2003-03-25', '92036 Ray Isle\nJohnsonbury, NY 64511'),
(126, 'erinbrown', '%aVi_aJ+b8', 'pjuarez@example.com', 'Jesus', 'DominguezJeremy', '2005-12-18', '348 Lyons Union\nLake Rebecca, DC 83347'),
(127, 'gail59', '&shFMqe%W4', 'desiree06@example.com', 'Stephanie', 'HillChase', '2000-03-20', 'Unit 8173 Box 0917\nDPO AP 77340'),
(128, 'whitemichael', '@7M@KIfqMP', 'kaylasmith@example.org', 'Jason', 'LarsenMaria', '2000-09-03', 'USNS Coleman\nFPO AA 64833'),
(129, 'bfisher', 'F1%EItfF#G', 'sarahcortez@example.org', 'Samuel', 'WardDonald', '2003-08-13', '72661 Wade Lights\nAngelview, AZ 23930'),
(130, 'hhernandez', 'O3L4l@ZD#p', 'franklinjeffrey@example.com', 'Justin', 'CookAmber', '2000-12-06', '26900 Johnston Avenue\nDevinbury, KY 17723'),
(131, 'kelsey44', 'S$8KpYlQ_G', 'theodoremarsh@example.org', 'Julie', 'GrahamMichael', '2002-01-24', '4250 Nicholas Fork\nSarahberg, MS 92761'),
(132, 'melissadavis', '^_NKNOUf9n', 'kennethalvarado@example.net', 'Carlos', 'PorterCaroline', '2000-10-02', '06550 Johnson Overpass Apt. 898\nDavidstad, CT 46078'),
(133, 'rebecca48', 'Xd!77OcD$h', 'hortega@example.com', 'Brian', 'VargasGlenda', '2002-08-19', '4910 Cannon Mountains Apt. 217\nPort Michaelstad, WY 65151'),
(134, 'crystalhood', 'v7VQ#Ov3$r', 'nicholas46@example.com', 'Breanna', 'VillarrealMichelle', '1999-05-13', '96838 Munoz Brooks\nNew Dennis, IN 23731'),
(135, 'bethany65', 'ah3#9LpIp*', 'rnolan@example.com', 'Brandon', 'RodriguezShannon', '2001-10-17', '46201 Kim Knoll Apt. 448\nNorth Daniel, GA 61269'),
(136, 'cwilson', '+5jS^sP^0)', 'flee@example.org', 'Carla', 'AllenMichael', '2005-10-21', 'PSC 9690, Box 3311\nAPO AP 66520'),
(137, 'omarquez', '!wyTySDcU7', 'cody20@example.com', 'Glenn', 'WilsonHaley', '2000-01-13', '222 Austin Center\nColemanfurt, IL 55316'),
(138, 'pmartin', 'J(&+9^Pf!1', 'melissajones@example.com', 'Robert', 'MillerGuy', '1998-05-20', '58326 Mays Rest\nMorsehaven, MH 61071'),
(139, 'benjaminpena', '%Jf07_%b1#', 'greenjustin@example.net', 'Eric', 'ZavalaFelicia', '2006-04-17', '266 Brian Key\nSouth Michelleville, NM 64395'),
(140, 'qmitchell', '*I(0bRMq0f', 'hevans@example.org', 'Rebecca', 'SextonDavid', '2002-11-04', '816 Gary Lane Apt. 949\nMillerhaven, MH 63146'),
(141, 'zachary06', '6dnSGdKQ+t', 'jeremydixon@example.org', 'Adam', 'EllisCrystal', '1999-01-02', '809 Amy Ford Apt. 996\nMeghanmouth, MO 10083'),
(142, 'frankjones', '%!PYKf3w_8', 'robertmiller@example.net', 'Kristina', 'LewisJudith', '2005-06-24', '9521 Tammy Divide\nEast Tyler, NE 32829'),
(143, 'christopher14', '@aimpHLv%2', 'thomastyler@example.org', 'Jonathan', 'HardinTammy', '2001-06-20', '922 Hughes Mount Suite 192\nSimston, WY 59291'),
(144, 'wolfechristopher', '$3ZvdKre9R', 'edward36@example.net', 'Lauren', 'SimpsonRoger', '2002-12-08', '140 Timothy Road Apt. 547\nNorth Christopher, GA 79866'),
(145, 'hrichardson', '+e6(58Sz1t', 'kimberly77@example.com', 'Theresa', 'WalkerGregory', '2004-09-29', '42901 Angel Turnpike\nMorgantown, ND 34471'),
(146, 'yrodriguez', 'X^^9kLl#b)', 'jacob58@example.org', 'Virginia', 'SmithKyle', '2001-08-27', '845 Farmer Cliff\nEast Jennifer, OK 43041'),
(147, 'allenaustin', 'C+3F4GppNz', 'phillipscheryl@example.com', 'Doris', 'GarnerWilliam', '2001-06-06', '623 Cummings Shore Apt. 342\nElaineburgh, CT 35782'),
(148, 'kfoster', '^(#7D3vs9b', 'melissa58@example.net', 'Teresa', 'TurnerRobert', '2003-06-19', '8467 Timothy Club\nLindseyville, MS 95273'),
(149, 'wilsonchristina', '57*lUZz!!3', 'maymichael@example.net', 'Allison', 'ThompsonTammy', '2001-11-28', '96020 Garcia Vista Apt. 486\nSouth Mark, CO 60709'),
(150, 'hdavenport', 'L46GIyKsC&', 'nathanmccoy@example.com', 'Christina', 'OwensChelsea', '2005-10-06', '35387 Harrison Avenue Suite 476\nWest Kurtmouth, CA 26868'),
(151, 'heathermitchell', '(i@TRlBrG6', 'melissalopez@example.org', 'Christopher', 'CummingsRick', '2002-02-15', '452 Monica Dam Suite 953\nNew Kristin, NJ 13921'),
(152, 'josephward', '#QQ5n*Cq2Y', 'bennettlori@example.net', 'Marie', 'LeonHannah', '1999-09-01', '28285 Johnson Prairie\nWest Jennifer, ND 96113'),
(153, 'sara37', 'X_$3MPGbCH', 'kellylloyd@example.com', 'Megan', 'LozanoDawn', '2005-08-21', '172 Young Rapids\nNew Tracy, OK 45142'),
(154, 'nicole93', '5lDdXib4)8', 'acline@example.com', 'Larry', 'BrownWarren', '2003-12-30', '306 Keith Ford Apt. 339\nLake James, ND 76462'),
(155, 'jesus12', '5H+S0ARl8*', 'lgonzalez@example.net', 'Jennifer', 'ThomasChristopher', '2004-01-01', 'USNS Joyce\nFPO AA 22737'),
(156, 'mendezcody', '0)#NsmD$&2', 'paul57@example.com', 'Ashley', 'HowardKristina', '2001-01-06', '909 Cantu Square Apt. 353\nNorth John, WI 05839'),
(157, 'malonemorgan', '%i7hJLqJfp', 'leonardcaitlin@example.com', 'Sherry', 'ShepherdPatricia', '2004-04-01', '410 Brittany Road Apt. 019\nBradleyland, FL 81772'),
(158, 'collinscatherine', 'x@0p5K(nxj', 'davidbass@example.net', 'Timothy', 'PrestonOmar', '2002-10-28', '1546 William Shore\nNorth Catherinemouth, AK 54943'),
(159, 'john21', '72Rj!eGm%#', 'jeremy11@example.org', 'Ronald', 'RojasMichael', '2001-10-27', '495 Christopher Club Suite 104\nHintonmouth, PR 90256'),
(160, 'danielsims', 'I+4&&Eqo+s', 'john93@example.org', 'Lori', 'DuncanScott', '2005-02-06', '9050 Jonathan Turnpike Suite 730\nNorth Calvinhaven, PA 81781'),
(161, 'duncanjoshua', '_0XgaDBj%G', 'elizabeth07@example.com', 'David', 'WoodsRachel', '2004-04-02', '9989 Nicole Wall Suite 379\nShannonburgh, PR 37824'),
(162, 'jessicavazquez', '2McBIIm3$3', 'jwright@example.net', 'Ryan', 'WrightMarcus', '2005-10-19', '015 Phyllis Fall\nLesterborough, MH 80514'),
(163, 'diazjason', '^bGD4Qf!0s', 'angelcampbell@example.com', 'Alyssa', 'ClarkLarry', '2000-08-14', '7834 Carter Groves\nMelissastad, AZ 03038'),
(164, 'evan17', '^9+u5Zc&C1', 'ldavis@example.org', 'Anna', 'WalkerAlexander', '2003-09-15', '33128 Nicole Corners Suite 271\nLutzburgh, UT 31085'),
(165, 'martinezroberto', '23bGkUth_8', 'robert57@example.org', 'Kevin', 'AcostaDenise', '1999-07-20', '20232 Samuel Divide\nNew Eric, SC 44870'),
(166, 'bwatson', 'E1!O21zo)(', 'kyleberry@example.com', 'Amber', 'LynnJesse', '2004-05-05', '3003 Bowen Spring Suite 305\nNew Kyle, AS 85910'),
(167, 'ybriggs', 'Fyx7_LBw&c', 'cheryl18@example.com', 'Jeanne', 'SanchezErica', '1998-09-21', '297 Murray Expressway Apt. 875\nOdomstad, NC 31279'),
(168, 'laurie05', 'gZ3OSIKry*', 'jonathanheath@example.com', 'Jessica', 'RichardDavid', '2003-07-23', '5674 Barnes Crossing Apt. 856\nSouth Matthewborough, PW 36557'),
(169, 'samanthabauer', 'DF%e3Tj*I3', 'gabriel08@example.net', 'Todd', 'LongKatherine', '1999-10-13', '5700 Laura Tunnel\nWest Randallbury, ND 94232'),
(170, 'jayschultz', 'l$!^8MeLVp', 'morganlauren@example.net', 'Steve', 'BoydDavid', '2006-01-13', 'Unit 4922 Box 1269\nDPO AP 91275'),
(171, 'brandon03', ')27W%nCv0)', 'jacqueline78@example.org', 'Gregory', 'CarterCaroline', '2003-02-28', 'Unit 8856 Box 2516\nDPO AP 91363'),
(172, 'danielleperkins', '+FilVJlf^0', 'waltersjennifer@example.net', 'Christian', 'WhiteAmanda', '2002-08-25', '3853 Smith Passage\nRobertshaven, SD 14195'),
(173, 'moraleseric', 'qWO@5YvB@9', 'hthompson@example.com', 'Tim', 'SmithNichole', '2001-10-26', '801 White Unions\nTinaberg, OH 24868'),
(174, 'sherry38', '!#2HEc^l)7', 'mannwhitney@example.com', 'Traci', 'ChangFrank', '2005-06-26', '37402 Obrien Turnpike\nJohnmouth, ID 69776'),
(175, 'richardgibbs', '%8DlvWJag1', 'frederickmichael@example.org', 'Christopher', 'GayAaron', '2005-01-28', '9195 Smith Springs\nFrankhaven, WA 96046'),
(176, 'rebeccasullivan', 'na2vULGr*K', 'rlane@example.org', 'Robert', 'RogersRhonda', '2003-06-08', '776 Cheryl Fields\nNew Erichaven, MI 86944'),
(177, 'jeffreysimmons', 'i^7AAfBbCG', 'amber20@example.org', 'Charles', 'SloanConnor', '2000-01-19', '5395 Brenda Drive\nLauraville, OH 55719'),
(178, 'joshuacooper', ')zeJ5OtMI7', 'erica70@example.com', 'Michael', 'ButlerJennifer', '2002-11-30', '6792 Melinda Prairie\nPort Regina, VI 96579'),
(179, 'linda77', '0S5lpQoL%Y', 'cummingsjohn@example.org', 'Christopher', 'KellyDale', '2005-01-09', '975 Russell Fields\nNew Meganville, IA 10770'),
(180, 'justinwilkerson', '4&QQ16P&fa', 'amywatson@example.org', 'Andrew', 'BranchSusan', '2004-05-24', '13804 Stewart Lane Apt. 529\nAlexanderhaven, ID 89646'),
(181, 'monicadavis', '__Ovx^#%E5', 'mjohnson@example.net', 'Gene', 'SotoJerome', '2004-04-19', 'PSC 0105, Box 8714\nAPO AE 55355'),
(182, 'vwilson', 'r8Cl!Z)*@J', 'rodgersvictor@example.net', 'Courtney', 'HartmanZachary', '2001-07-21', 'USS Howard\nFPO AA 48423'),
(183, 'umurray', '_@m4(GmVd2', 'peter96@example.com', 'Victoria', 'RogersLaura', '2004-08-19', '556 Tamara Skyway\nMarymouth, KS 47711'),
(184, 'nschmidt', ')D0UYEwuiv', 'mckeedaniel@example.com', 'Laura', 'AtkinsCarolyn', '1998-06-09', '43703 Michelle Lane Suite 514\nBellport, TN 90216'),
(185, 'econtreras', 'AN3MgPSv$A', 'david47@example.com', 'Wayne', 'AvilaJoanna', '2002-07-17', '3843 Massey Landing\nLake Kiaraville, ND 07813'),
(186, 'hannahcase', 'hu0kJQvo&5', 'jonesjohn@example.org', 'Lisa', 'CurryBrandi', '2003-04-03', 'USNS Weaver\nFPO AA 13563'),
(187, 'ahernandez', '&#(O2i+bPV', 'rpena@example.com', 'Dana', 'GordonValerie', '2006-03-10', 'PSC 1909, Box 0685\nAPO AE 78857'),
(188, 'john79', '#X$Gvqwtr0', 'kellystuart@example.com', 'Donna', 'CampbellTodd', '1998-06-09', '663 Miller Hill\nLeonview, UT 04453'),
(189, 'christopherblake', '3$sG4VjQHu', 'christinelopez@example.net', 'Brian', 'MatthewsJoanne', '1999-12-06', '9003 Roberts Pike\nEast Shawn, PW 68576'),
(190, 'ntaylor', 'h!SsToeM%8', 'tbrown@example.net', 'Andrew', 'FisherSean', '2002-09-03', '27926 Nancy Flats Suite 077\nSouth Carlosstad, NE 67012'),
(191, 'zachary44', '@sd%1DWGz2', 'hzamora@example.org', 'William', 'BullockKimberly', '1998-11-16', '0219 Jessica Shoals\nSchmitttown, DC 75174'),
(192, 'doylekendra', '&8MdGlFqGO', 'hmay@example.org', 'Wayne', 'ThorntonSarah', '2002-03-30', '781 Alvarez Roads Suite 971\nLake Nathan, PR 91065'),
(193, 'mary66', '$5VQesI6w&', 'laura38@example.org', 'Lauren', 'KingKelli', '2003-10-10', '79318 Robinson Corners\nWest Alexa, MI 89298'),
(194, 'kelleyjackie', 'j#2V8iJofl', 'jenkinsjimmy@example.org', 'Jason', 'GreeneJoseph', '2005-04-17', '17990 Wall Gateway\nAmandahaven, NJ 98288'),
(195, 'davidfitzpatrick', '(KuyPcVx@2', 'rjennings@example.org', 'Stanley', 'RiveraJason', '2002-03-21', '544 Reilly Dale Suite 363\nSpencerhaven, MD 97296'),
(196, 'haynesamy', '*)2uDdd1R7', 'qramirez@example.org', 'Alexis', 'HarmonChristina', '2005-03-05', '9966 Randall Parks\nDorothyfurt, MN 36644'),
(197, 'imoran', '$6jQyy#bi8', 'shawnbright@example.com', 'Stephanie', 'BassShawn', '2006-03-01', 'USS Lewis\nFPO AE 62362'),
(198, 'raymondjimenez', 'FdEzLFFh!8', 'andersonkatherine@example.org', 'Albert', 'KellerJustin', '2001-07-31', 'PSC 1588, Box 0416\nAPO AP 57789'),
(199, 'kerrkaren', '&!L@W)aM1%', 'tonya97@example.net', 'Heather', 'HillAmanda', '2004-06-19', '956 Adams Prairie Suite 930\nWest Jacob, WV 07758'),
(200, 'qkelly', 'M8*E1hPcTh', 'rhondabrown@example.net', 'Frank', 'BrooksBrittany', '2001-04-17', '94193 Albert Ville Apt. 609\nJessemouth, ND 93779'),
(201, 'amberjones', '^un_lRsdl2', 'jluna@example.net', 'Joshua', 'HarmonDaniel', '2000-05-04', '725 Preston Land Apt. 685\nHeatherport, CT 90121'),
(202, 'douglaschristina', '^z(7PZFpFv', 'croberts@example.org', 'Susan', 'CooperLeslie', '2004-06-06', '17540 Jackson Court\nGregoryview, NM 61146'),
(203, 'mccoyjohn', '$qDF3Bv)y3', 'christian87@example.com', 'Chris', 'RichardsonKrista', '1998-11-20', '7866 Breanna Ferry\nAshleychester, PA 80122'),
(204, 'brogers', '+aSZLp7n4H', 'ryan48@example.com', 'Rita', 'PruittRenee', '2005-01-25', '52599 Cook Expressway\nAbigailmouth, OH 78196'),
(205, 'jerrytaylor', '&6Ew*Nz5Ke', 'dbrown@example.net', 'David', 'CollinsDavid', '1998-07-08', '202 John Well\nNancychester, MD 96999'),
(206, 'hayesmelissa', 'td7DVNNjA_', 'moraamanda@example.net', 'Randy', 'LinRebecca', '2000-05-15', '32910 Amy Manor Suite 813\nWest Danielleland, MA 75942'),
(207, 'whiteamanda', '1STSxSVl^t', 'sarah90@example.com', 'Miguel', 'BaileyShannon', '2003-08-30', '5806 Moore Courts Suite 920\nNew Amandashire, IN 25876'),
(208, 'carrjessica', '(w2kqZj)b7', 'peterhoward@example.net', 'Kristin', 'SmithTraci', '2003-09-18', '7419 Colton Heights Apt. 304\nEast Scott, AR 68000'),
(209, 'harrissusan', '2Kf*sCy1(9', 'robertgonzales@example.org', 'William', 'MilesJose', '2004-05-10', '106 Mccoy Neck\nPort John, OH 46710'),
(210, 'jacquelinephillips', '!%4Z3f3DNG', 'marysmith@example.com', 'Robin', 'FitzgeraldJenna', '2002-08-25', '4082 Jessica Mills Suite 749\nSandersport, ID 65924'),
(211, 'randyweber', 'pb%AaBwL#1', 'howardstephanie@example.org', 'John', 'CoffeyKimberly', '2003-10-21', '3957 Jeffrey Springs\nPort Stacey, NM 31860'),
(212, 'kleinashlee', 'E49rmRkN#!', 'amy11@example.net', 'Daniel', 'LuceroKaren', '2005-04-02', '663 Macias Cape\nSouth Tylertown, PW 28874'),
(213, 'rmurray', 'F($!3NqyQH', 'michael17@example.org', 'Brian', 'BaldwinJohn', '1999-04-02', '392 Johnson Via\nEast Tiffanyville, NY 41461'),
(214, 'cynthiakim', 'i7R(6MtrPo', 'jessica62@example.net', 'Kathryn', 'TorresEmily', '2003-12-05', '72970 Robert Prairie Suite 729\nLaurenfurt, MS 69912'),
(215, 'nmann', '&&%0NlL_)x', 'erika50@example.org', 'Marcus', 'FosterJillian', '2006-01-15', '38434 Mclaughlin Dam\nPort Stephenchester, NJ 36577'),
(216, 'dillonalexandria', ')T#1#AoeyX', 'hallcaleb@example.net', 'Ronald', 'BarreraHolly', '2000-01-19', '9629 Johnson Corners Suite 101\nWest Shirley, GA 72191'),
(217, 'mfox', '62MTeOOG@b', 'huffjon@example.net', 'Nicholas', 'MckaySarah', '2002-10-25', '83655 Fox Pines Apt. 729\nKennethberg, SC 23959'),
(218, 'sevans', 'p(04P_Ly(d', 'donald90@example.com', 'Justin', 'CostaTerri', '1999-12-05', '1747 Melissa Burg Apt. 833\nPort Kathleenstad, AS 62542'),
(219, 'matthewsdanielle', '+8QNlqdzSm', 'zpatel@example.org', 'Patricia', 'HawkinsChristopher', '2001-07-07', '9443 Megan Course\nPort Michael, NC 11765'),
(220, 'petersdaniel', 'tP4MY24s^d', 'jason53@example.com', 'Linda', 'HicksKevin', '2004-02-10', '19100 Smith Ridges\nWest Connie, AL 83783'),
(221, 'lisa77', 'C%n52Chz^@', 'anthonynguyen@example.com', 'Erik', 'MartinezDiane', '2000-08-17', '43840 Pratt Ferry Suite 737\nNorth Ravenhaven, CT 77352'),
(222, 'jessica19', '&3wGJtoqPf', 'chandlerderek@example.com', 'Julie', 'CochranDawn', '2000-12-24', 'PSC 1198, Box 9914\nAPO AP 99897'),
(223, 'xbecker', '@85Dj%kNzm', 'jasoncruz@example.org', 'Tyler', 'MartinezMary', '2003-11-28', '74902 Thomas Trace\nWest Patricia, FM 72524'),
(224, 'christopher30', 'f*5T!)uhcQ', 'elizabeth02@example.com', 'Cindy', 'HughesEileen', '2000-09-04', 'PSC 2524, Box 7946\nAPO AP 47230'),
(225, 'marshallryan', '%TL3PQfsWy', 'frazierstacy@example.org', 'Daniel', 'LopezChad', '2001-05-16', '919 Thompson Stream\nRobertland, IL 08193'),
(226, 'kristenkelly', 'nsk#3BOn$M', 'egarcia@example.org', 'Christina', 'OrtegaKevin', '2001-01-04', '715 Thomas Squares Suite 347\nWest Joann, PW 10492'),
(227, 'christinabean', 'Qc8dHC$r8_', 'lbailey@example.com', 'Kendra', 'JonesJerry', '2002-07-07', 'PSC 5538, Box 0279\nAPO AP 27623'),
(228, 'molly56', 'j_c^qJsX#5', 'ronaldgarcia@example.net', 'Joseph', 'LeDeborah', '2002-08-25', '19830 Bruce Lane Apt. 450\nMontoyaville, AK 67634'),
(229, 'robinsonkelly', '9T4tUtR%@g', 'glenn86@example.com', 'James', 'KaufmanChristine', '2002-01-15', '3986 Erin Views\nPatricktown, IN 06463'),
(230, 'elizabeth47', 'a1@afRfe%T', 'jeremy42@example.net', 'Vincent', 'ThompsonSandra', '2000-04-20', '2840 Robin Trail\nGainesview, ID 68005'),
(231, 'josephmonroe', 'ce60!Yd&X!', 'amanda70@example.com', 'Kathryn', 'ChambersDaniel', '2005-02-09', '2265 William Pines Suite 181\nMonicamouth, WV 25429'),
(232, 'huffkimberly', '^QfIcvJtb9', 'marshallrachel@example.org', 'Jessica', 'JonesTravis', '2004-11-22', '5434 Blanchard Islands\nSimmonstown, MA 55384'),
(233, 'fdavis', '@0Nd_sKQX5', 'rodriguezmark@example.com', 'William', 'BowersBrian', '2005-12-17', 'USNV Sanders\nFPO AP 46867'),
(234, 'chelseascott', 'l^KmWd1t&8', 'johnsonjames@example.org', 'Samantha', 'GregoryJohn', '2002-07-23', '0113 Chad Land\nSouth Emilymouth, MI 15720'),
(235, 'patricksimon', '2HoSHmT+$y', 'edoyle@example.org', 'Anthony', 'VanceKrista', '2005-08-24', '48920 Baker Estates Apt. 156\nLake Robertmouth, IN 79431'),
(236, 'hernandezsean', '7)3KVmwOl)', 'darrylfoley@example.com', 'Robin', 'SchultzLinda', '2000-04-02', 'Unit 7065 Box 1108\nDPO AA 96687'),
(237, 'marioscott', '+2xAcDD3b#', 'kaylamurphy@example.org', 'Peter', 'TaylorScott', '2005-06-19', '6973 Lisa Islands\nJamesburgh, MI 96748'),
(238, 'steven20', '6QV4&5LpY!', 'charrison@example.com', 'Isaac', 'CannonElizabeth', '2002-11-25', '302 Rachel Freeway Suite 235\nStevenhaven, ND 67531'),
(239, 'rwalker', 'dg(D8W6vGp', 'robertsroger@example.com', 'Ryan', 'MosesAndrew', '2004-02-06', '354 Mays Flats\nNew Sara, GU 87623'),
(240, 'benjamin39', ')bABx%%r4v', 'bryantjustin@example.net', 'James', 'FrancisBrandy', '2002-09-07', '517 Downs Terrace Suite 805\nSouth Steven, WV 24473'),
(241, 'robinsonrachel', '$bL4VJf6MZ', 'heather14@example.com', 'Tiffany', 'WilliamsDavid', '2001-05-02', '949 Rick Crossing Suite 658\nGarretttown, WI 32864'),
(242, 'wallnicole', 'hE6DSiXv^j', 'markgilmore@example.com', 'Dustin', 'MorganElizabeth', '1998-05-21', '023 Harrison Mount\nSouth Alisonmouth, MO 26079'),
(243, 'ecraig', '0N6QOmCe5@', 'schmidtbradley@example.net', 'Kenneth', 'RodriguezStephen', '2005-10-22', '28789 Hunt Lakes Suite 372\nJosephmouth, NM 34877'),
(244, 'bhowell', 'd@5e0F87ps', 'martinezjocelyn@example.net', 'Jennifer', 'ReedElizabeth', '2004-09-06', '86414 Moreno Springs\nPricefurt, UT 62113'),
(245, 'mthompson', '4+dI1Mcgt+', 'hughesricky@example.com', 'Alexander', 'MooreJohnny', '2003-09-11', '279 Regina Oval Suite 190\nNew Richard, MA 33852'),
(246, 'hthompson', 'Ayz2kRVn_R', 'baguirre@example.org', 'Dennis', 'GordonJoan', '2001-12-10', '4078 Kelly Viaduct Suite 971\nTrevorport, KS 82038'),
(247, 'qhebert', '7o@0HfunsI', 'mariadyer@example.com', 'Nancy', 'EnglishMonica', '2003-02-26', '0515 Christina Streets\nEllisside, FM 22583'),
(248, 'ruthalexander', '9tm$JINE!Z', 'dbaker@example.org', 'Michelle', 'NguyenDavid', '2003-08-24', '713 Anna Streets\nJenkinsside, TN 87729'),
(249, 'ybrown', '6Is6Reqx(H', 'christopher05@example.net', 'Samuel', 'BarnesHeather', '2004-09-26', '974 Graham Ports\nPort Kimberlyhaven, OK 33786'),
(250, 'courtney96', 'h@C0G&uY9Y', 'umyers@example.org', 'William', 'TaylorAnthony', '2002-05-11', '5829 Kimberly Island\nLake Sharon, OR 98370'),
(251, 'aaron81', '&v+2dI1t28', 'brownmichael@example.net', 'Rachel', 'PerezOlivia', '2004-03-17', 'PSC 3974, Box 3755\nAPO AP 57859'),
(252, 'rachelgreer', 'q68PEbVg_g', 'brobles@example.org', 'Jennifer', 'TuckerLaura', '2004-10-23', '41353 Jones Villages\nGonzalezview, OK 41834'),
(253, 'walkerlogan', '2_h6LIlZRM', 'ehawkins@example.net', 'Shannon', 'SmithTiffany', '2000-05-12', '893 Debra Square\nPottstown, LA 18797'),
(254, 'rebeccahall', 'Q&eY$7XfIj', 'sarah75@example.net', 'Diana', 'RodriguezRobert', '2004-08-03', '9584 Gwendolyn Harbor\nHollymouth, LA 29528'),
(255, 'johnathanrocha', '3(J4FnH36Z', 'ecarpenter@example.com', 'Paula', 'WoodardSamantha', '2002-08-23', '6947 Anthony Highway Suite 665\nPaigehaven, TX 24506'),
(256, 'johnny98', 'SvQW3YHR@@', 'leejacqueline@example.org', 'Jenna', 'MartinezJames', '2003-01-10', '66707 Ross Terrace\nCarrtown, NJ 36629'),
(257, 'shannonhurley', '*KQ60SMmba', 'perezbeth@example.net', 'George', 'WiseAlyssa', '2000-01-09', '044 Cook Garden\nBrownland, IA 86647'),
(258, 'dburns', '%C1YVEdq@0', 'nancy79@example.org', 'Timothy', 'GutierrezThomas', '2001-06-02', '66434 Rodriguez Walk Apt. 316\nPort Jonathan, NV 10338'),
(259, 'michelle24', 'G!)0PvYmQ7', 'yford@example.net', 'Heather', 'MccallChristopher', '2006-01-28', '450 Vanessa Springs Apt. 554\nChristopherfurt, RI 26578'),
(260, 'danielsolis', 'Tf1t#Qys#Z', 'christopher47@example.net', 'Brandy', 'DaughertyRebecca', '1998-06-07', '7646 Martinez Meadow\nEast Erika, NC 70407'),
(261, 'mark57', 'b)d8B#HzQW', 'dcastillo@example.org', 'Cheryl', 'StewartRhonda', '2002-09-07', '17451 Hodge Mount\nDanielberg, CA 13299'),
(262, 'mrhodes', '^y5P9dj#i8', 'dmueller@example.com', 'Theresa', 'JordanMichael', '2001-03-19', '436 Anderson Haven Apt. 308\nDiazberg, LA 92568'),
(263, 'garciavirginia', '3&N9jDRjvv', 'cassandra85@example.com', 'Jonathan', 'RobinsonRobert', '2004-03-23', '2958 Anna Flat Apt. 424\nMillerfort, AS 20113'),
(264, 'narmstrong', '+OChq!fne1', 'mitchelleric@example.com', 'Eric', 'SalazarCory', '2004-03-10', '8743 Moore Island Apt. 940\nTammyburgh, UT 62791'),
(265, 'hollybell', '_8ZEvZqE2#', 'robersondebra@example.net', 'Jennifer', 'ThomasLaura', '1999-02-06', '099 Robertson Skyway\nPort Dennis, TN 74005'),
(266, 'josephspencer', '4+u)6Tcxh$', 'sharpdavid@example.com', 'Cheryl', 'PadillaCassandra', '2003-11-22', '2238 Gregory Port Apt. 447\nWest Sarah, PR 16873'),
(267, 'joshua13', '#fXZhx+XN6', 'varmstrong@example.org', 'Shawn', 'LynchJonathan', '1998-12-10', '936 Matthew Village\nPort Stephenburgh, MS 97237'),
(268, 'progers', '(h4Q8QldJ1', 'gherman@example.com', 'Jasmine', 'HamiltonTodd', '2005-02-11', '7210 Henderson Summit\nSolomonside, ND 92078'),
(269, 'gerald94', '8+FQUVvY%^', 'hurstashley@example.com', 'Lori', 'LewisKevin', '2003-06-04', '255 Lee Bypass\nNew Laura, NH 47773'),
(270, 'donna27', 'w8Yxyvk0(r', 'meghan47@example.org', 'David', 'SolisChristopher', '2006-03-15', '16991 Amy Villages\nNorth Amyborough, MH 28665'),
(271, 'vkelly', 'LAw0r8Qp$A', 'kristinalopez@example.org', 'Todd', 'SmithCathy', '2001-10-22', '59169 John Landing Suite 711\nSouth Krystaltown, MP 97158'),
(272, 'kimberly99', '&1CIAIgw+p', 'paynedana@example.net', 'Ashley', 'FreemanSharon', '2002-02-28', '4348 Gross Springs Apt. 447\nChasebury, VT 13292'),
(273, 'rachaelbarber', 'h@!6xLakf(', 'millerkayla@example.com', 'Joseph', 'BerryErin', '2003-06-28', '58375 Jessica Drives Suite 297\nNorth Sarah, KS 49446'),
(274, 'craig16', ')V)m4XQs+5', 'freykaren@example.org', 'Ian', 'RodriguezKelly', '2003-10-29', '13471 Angela Causeway Apt. 145\nMillerburgh, MH 20556'),
(275, 'virginiagarcia', '8x0V@0Ao^#', 'victoriaball@example.net', 'Wanda', 'JohnsonBobby', '2001-05-25', '38527 Powell Crescent Suite 531\nLake Daniel, AS 61943'),
(276, 'bradleypatricia', '#FX^VYDw0d', 'jstone@example.com', 'Paige', 'SmithJessica', '1998-12-24', 'Unit 0625 Box 8570\nDPO AA 06539'),
(277, 'sarahayes', '^F(OEzeFh7', 'josedavis@example.com', 'Carla', 'RodriguezBarbara', '2003-03-10', '156 Aaron Isle\nNorth Nathaniel, AR 52049'),
(278, 'gary75', 'L@z3Xgtlm$', 'richard36@example.com', 'Richard', 'SmallJoseph', '2003-06-15', '505 Green Ferry Apt. 439\nNorth Brandyhaven, HI 12342'),
(279, 'taylorwilliam', '%(69J5p@rZ', 'timothy13@example.org', 'Amy', 'YangNicole', '1999-03-21', '8975 Christopher Hill Suite 796\nNew Robynhaven, WV 06000'),
(280, 'troy31', '(8Bd)efz5r', 'porterlisa@example.com', 'Mark', 'BowersShane', '2001-01-26', '968 Gregory Flats\nJonesville, MT 72543'),
(281, 'hfry', '3v5EURfz(v', 'henry26@example.net', 'Karen', 'FigueroaShawn', '1998-08-21', '912 Melissa Fords Suite 864\nVangport, SD 56690'),
(282, 'valerie51', '+@4PbeDUQV', 'danielstout@example.com', 'David', 'FrancoZachary', '2005-11-20', '83616 Moore Point\nAngelamouth, GA 56257'),
(283, 'jeremy91', '(o4*8HaT*9', 'ricebradley@example.net', 'Amy', 'SmithMarissa', '2004-11-15', '390 Miller Radial\nCastrotown, FM 13467'),
(284, 'aguilarmarc', 'g49wqNUs_e', 'showard@example.com', 'Rebecca', 'WardMarcus', '2005-04-29', '87663 James Burgs\nRichardsfurt, HI 86556'),
(285, 'greenecalvin', ')o58YyAX^Q', 'amandacarter@example.com', 'Elijah', 'BakerRegina', '2003-07-27', '27618 Lambert Land\nEast Kenneth, IA 60599'),
(286, 'gina75', 'wq7GkeMo$3', 'thomasscott@example.net', 'Stephanie', 'HensleyAshley', '2001-03-17', '590 Martin Burg Apt. 807\nNorth Daniel, AR 88070'),
(287, 'tcrosby', '$_aI%szNn7', 'brandibryan@example.org', 'Michael', 'RobinsonYvonne', '2002-03-27', 'USNS Wolf\nFPO AP 25859'),
(288, 'yharris', 'Y(K2skFuEn', 'westkaren@example.net', 'Craig', 'MartinezJames', '2001-10-19', '0195 Johnson Hill\nWest Bradley, MA 56219'),
(289, 'lnguyen', '&n62+ISuV_', 'kaylamartinez@example.org', 'Cory', 'ColeRandall', '2003-01-26', '855 Harris Track Apt. 715\nRamosfort, MA 14333'),
(290, 'dgoodwin', 'S6BrCZ+Q)8', 'butlerdeborah@example.com', 'Vincent', 'DonaldsonCatherine', '2000-02-23', '12258 Sandoval Trail Apt. 219\nBowenmouth, MO 68114'),
(291, 'toddwelch', '#xXMTyN3x2', 'zgates@example.org', 'Jessica', 'JohnstonNicholas', '2001-03-10', '91279 John Island Apt. 598\nWest Christina, HI 45442'),
(292, 'amymyers', '#590FsZyam', 'cjohnson@example.net', 'James', 'StevensJerry', '2004-11-23', 'USS Tapia\nFPO AA 80006'),
(293, 'darren15', 'z$E4JYcG@o', 'deborahwright@example.net', 'Jocelyn', 'ConwayJoanna', '1998-11-21', '7537 Jacqueline Trail Apt. 684\nWest Raymond, PA 51643'),
(294, 'robertfisher', 'h^C$0LMc#8', 'deanbrooke@example.com', 'Jeffery', 'CopelandCatherine', '2002-04-27', '28190 David Summit Suite 661\nSouth Andrewview, PW 97615'),
(295, 'rpayne', 'dqMD1W_hy*', 'boothjustin@example.com', 'Gregory', 'MooreJacqueline', '1999-01-12', '090 Gonzalez Hill Apt. 053\nTammymouth, MA 66227'),
(296, 'normancrystal', '^g1Drx9f&g', 'jonesautumn@example.com', 'Matthew', 'BrownChristopher', '2004-11-28', '316 Jennifer Turnpike Apt. 416\nDavisland, MA 07573'),
(297, 'stonerachel', '1s1Us0NFX*', 'james78@example.com', 'Jody', 'LongHeather', '2002-09-28', '6535 William Turnpike Suite 563\nPort Nicolechester, UT 78882'),
(298, 'emily14', '43Qy05Zu+3', 'paul45@example.net', 'Tiffany', 'CastanedaZachary', '2001-09-14', '4118 Alexis Ports\nWilliamsshire, ID 83545'),
(299, 'zsolomon', 'Q^1suYzaeS', 'hwright@example.org', 'Jesse', 'MoonBrian', '2000-07-04', '2442 Andrew Fall Apt. 870\nJoshuachester, PW 86489'),
(300, 'manndanielle', 'eZ@f9Hqds%', 'morrowmeghan@example.net', 'Heidi', 'LongChristina', '1999-11-02', '287 Anthony Center Apt. 531\nMikaylastad, KS 44236');

-- --------------------------------------------------------

--
-- Table structure for table `teachers`
--

CREATE TABLE `teachers` (
  `teacher_id` int(11) NOT NULL,
  `username` varchar(50) NOT NULL,
  `password` varchar(50) NOT NULL,
  `email` varchar(100) NOT NULL,
  `first_name` varchar(50) DEFAULT NULL,
  `last_name` varchar(50) DEFAULT NULL,
  `date_of_birth` date DEFAULT NULL,
  `address` varchar(255) DEFAULT NULL,
  `qualification` varchar(100) DEFAULT NULL,
  `experience_years` int(11) DEFAULT NULL
) ENGINE=InnoDB DEFAULT CHARSET=utf8 COLLATE=utf8_general_ci;

--
-- Dumping data for table `teachers`
--

INSERT INTO `teachers` (`teacher_id`, `username`, `password`, `email`, `first_name`, `last_name`, `date_of_birth`, `address`, `qualification`, `experience_years`) VALUES
(1, 'robinjackson', '*4E4GDi!ib', 'turnerdevin@example.net', 'Dr.Ali', 'Mohamed Hassan', '1998-03-06', '6285 Howell Crossroad Suite 480\nDannybury, MH 21474', 'Further education lecturer', 4),
(2, 'matthewrobbins', '^$8vGo3jm2', 'corycook@example.org', 'Dr.Nicole', 'GonzalezDonna', '1976-03-31', 'PSC 2547, Box 6922\nAPO AE 40817', 'Scientist, research (maths)', 19),
(3, 'victoriaball', '*9&I$#wzPr', 'asweeney@example.net', 'Dr.Daniel', 'CortezCassandra', '1986-02-01', '197 Wilson Walk\nPhillipsberg, MD 58805', 'Minerals surveyor', 8),
(4, 'kayla98', 'K^L(4ZKt#r', 'thomas90@example.com', 'Dr.John', 'LamLinda', '1964-11-16', '909 Gonzales Crossing Apt. 726\nWelchfurt, IL 81032', 'Primary school teacher', 2),
(5, 'johnpitts', 'nc9_ZUGl5%', 'dylan86@example.net', 'Dr.Arthur', 'MurilloMegan', '1983-01-06', '0838 Smith Gardens Suite 072\nSouth Tiffany, FM 10270', 'Control and instrumentation engineer', 9),
(6, 'pharris', '&lU@Lum0a0', 'kjohnson@example.net', 'Dr.William', 'DayJennifer', '1996-05-27', '888 Barnett Port Suite 248\nLake Williamtown, PW 05308', 'Psychotherapist, child', 16),
(7, 'jenniferwilliams', '6Pq)RPj&$)', 'robert32@example.com', 'Dr.Carlos', 'MeyerKristin', '1986-10-05', '50722 Maria Prairie\nJamesshire, OH 05761', 'Advertising copywriter', 14),
(8, 'ewilliams', 'SV0VBQo9@2', 'valerie89@example.org', 'Dr.Rachel', 'GallagherAlejandra', '1974-04-11', '3602 Angela Drives\nSouth Aaron, GA 98732', 'Public relations officer', 6),
(9, 'melissasmith', '%r!S5ZHs5f', 'harveyevan@example.net', 'Dr.Joann', 'ByrdChristopher', '1972-10-05', '284 Angela Course\nSouth Stephenberg, WY 76270', 'Music therapist', 4),
(10, 'browncalvin', 'AMfl9Lp1)m', 'cwilliams@example.net', 'Dr.Caitlin', 'JenkinsMary', '1992-09-19', '705 Jones Stravenue\nPattyburgh, AR 24124', 'Petroleum engineer', 13),
(11, 'zmanning', 'x7UcxyGy)E', 'oscar88@example.com', 'Dr.Jared', 'AguilarChris', '1971-02-14', 'PSC 3949, Box 2701\nAPO AE 81165', 'Accountant, chartered certified', 10),
(12, 'ycantu', '5@I5CIr4WF', 'april30@example.com', 'Dr.Sandra', 'WolfWendy', '1991-06-26', '52719 Julie Estate\nSarahshire, MA 36771', 'Engineer, electronics', 20),
(13, 'ryanhamilton', 'e_9iHPr1FV', 'caitlinfrazier@example.org', 'Dr.Kevin', 'WilsonSarah', '1979-06-13', '4982 Flores Inlet Suite 862\nLake Paula, MS 10989', 'Production engineer', 15),
(14, 'leonardbaker', '^4XI%tkRKF', 'palmerrichard@example.com', 'Dr.Ashley', 'HendersonLouis', '1982-02-16', '0379 Bobby Tunnel Suite 395\nPatrickmouth, OK 59090', 'Teacher, music', 4),
(15, 'vchaney', '@0+%(Mc2OM', 'leonardbrianna@example.com', 'Dr.Debra', 'GentryAndrew', '1967-12-27', '7113 Margaret Keys\nNorth Laurenhaven, OH 04908', 'Surgeon', 11);

-- --------------------------------------------------------

--
-- Table structure for table `topics`
--

CREATE TABLE `topics` (
  `topic_id` int(11) NOT NULL,
  `title` varchar(255) NOT NULL
) ENGINE=InnoDB DEFAULT CHARSET=utf8mb4 COLLATE=utf8mb4_general_ci;

--
-- Dumping data for table `topics`
--

INSERT INTO `topics` (`topic_id`, `title`) VALUES
(1, 'Database'),
(2, 'Algorithms'),
(3, 'Structure'),
(4, 'Multimedia');

--
-- Indexes for dumped tables
--

--
-- Indexes for table `courses`
--
ALTER TABLE `courses`
  ADD PRIMARY KEY (`course_id`),
  ADD KEY `teacher_id` (`teacher_id`);

--
-- Indexes for table `questions`
--
ALTER TABLE `questions`
  ADD PRIMARY KEY (`question_id`),
  ADD KEY `course_id` (`course_id`),
  ADD KEY `questions_ibfk_2` (`topic_id`);

--
-- Indexes for table `question_quiz`
--
ALTER TABLE `question_quiz`
  ADD PRIMARY KEY (`question_id`,`quiz_id`),
  ADD KEY `fk_quiz` (`quiz_id`);

--
-- Indexes for table `quizzes`
--
ALTER TABLE `quizzes`
  ADD PRIMARY KEY (`quiz_id`),
  ADD KEY `course_id` (`course_id`);

--
-- Indexes for table `studentcourses`
--
ALTER TABLE `studentcourses`
  ADD KEY `student_id` (`student_id`),
  ADD KEY `course_id` (`course_id`);

--
-- Indexes for table `studentquizzes`
--
ALTER TABLE `studentquizzes`
  ADD KEY `student_id` (`student_id`),
  ADD KEY `quiz_id` (`quiz_id`);

--
-- Indexes for table `students`
--
ALTER TABLE `students`
  ADD PRIMARY KEY (`student_id`);

--
-- Indexes for table `teachers`
--
ALTER TABLE `teachers`
  ADD PRIMARY KEY (`teacher_id`);

--
-- Indexes for table `topics`
--
ALTER TABLE `topics`
  ADD PRIMARY KEY (`topic_id`);

--
-- AUTO_INCREMENT for dumped tables
--

--
-- AUTO_INCREMENT for table `courses`
--
ALTER TABLE `courses`
  MODIFY `course_id` int(11) NOT NULL AUTO_INCREMENT, AUTO_INCREMENT=30;

--
-- AUTO_INCREMENT for table `questions`
--
ALTER TABLE `questions`
  MODIFY `question_id` int(11) NOT NULL AUTO_INCREMENT, AUTO_INCREMENT=501;

--
-- AUTO_INCREMENT for table `quizzes`
--
ALTER TABLE `quizzes`
  MODIFY `quiz_id` int(11) NOT NULL AUTO_INCREMENT, AUTO_INCREMENT=92;

--
-- AUTO_INCREMENT for table `students`
--
ALTER TABLE `students`
  MODIFY `student_id` int(11) NOT NULL AUTO_INCREMENT, AUTO_INCREMENT=301;

--
-- AUTO_INCREMENT for table `teachers`
--
ALTER TABLE `teachers`
  MODIFY `teacher_id` int(11) NOT NULL AUTO_INCREMENT, AUTO_INCREMENT=16;

--
-- AUTO_INCREMENT for table `topics`
--
ALTER TABLE `topics`
  MODIFY `topic_id` int(11) NOT NULL AUTO_INCREMENT, AUTO_INCREMENT=5;

--
-- Constraints for dumped tables
--

--
-- Constraints for table `courses`
--
ALTER TABLE `courses`
  ADD CONSTRAINT `courses_ibfk_1` FOREIGN KEY (`teacher_id`) REFERENCES `teachers` (`teacher_id`);

--
-- Constraints for table `questions`
--
ALTER TABLE `questions`
  ADD CONSTRAINT `questions_ibfk_1` FOREIGN KEY (`course_id`) REFERENCES `courses` (`course_id`),
  ADD CONSTRAINT `questions_ibfk_2` FOREIGN KEY (`topic_id`) REFERENCES `topics` (`topic_id`);

--
-- Constraints for table `question_quiz`
--
ALTER TABLE `question_quiz`
  ADD CONSTRAINT `fk_question` FOREIGN KEY (`question_id`) REFERENCES `questions` (`question_id`) ON DELETE CASCADE ON UPDATE CASCADE,
  ADD CONSTRAINT `fk_quiz` FOREIGN KEY (`quiz_id`) REFERENCES `quizzes` (`quiz_id`) ON DELETE CASCADE ON UPDATE CASCADE;

--
-- Constraints for table `quizzes`
--
ALTER TABLE `quizzes`
  ADD CONSTRAINT `quizzes_ibfk_1` FOREIGN KEY (`course_id`) REFERENCES `courses` (`course_id`);

--
-- Constraints for table `studentcourses`
--
ALTER TABLE `studentcourses`
  ADD CONSTRAINT `studentcourses_ibfk_1` FOREIGN KEY (`student_id`) REFERENCES `students` (`student_id`),
  ADD CONSTRAINT `studentcourses_ibfk_2` FOREIGN KEY (`course_id`) REFERENCES `courses` (`course_id`);

--
-- Constraints for table `studentquizzes`
--
ALTER TABLE `studentquizzes`
  ADD CONSTRAINT `studentquizzes_ibfk_1` FOREIGN KEY (`student_id`) REFERENCES `students` (`student_id`),
  ADD CONSTRAINT `studentquizzes_ibfk_2` FOREIGN KEY (`quiz_id`) REFERENCES `quizzes` (`quiz_id`);
COMMIT;

/*!40101 SET CHARACTER_SET_CLIENT=@OLD_CHARACTER_SET_CLIENT */;
/*!40101 SET CHARACTER_SET_RESULTS=@OLD_CHARACTER_SET_RESULTS */;
/*!40101 SET COLLATION_CONNECTION=@OLD_COLLATION_CONNECTION */;
